start,line_number,size,bug_type,approach,bug_snip
16342,588,80,Unchecked-Send,code snippet injection,"function bug_unchk_send7() payable public{
      msg.sender.transfer(1 ether);}
"
18964,685,80,Unchecked-Send,code snippet injection,"function bug_unchk_send2() payable public{
      msg.sender.transfer(1 ether);}
"
16888,591,80,Unchecked-Send,code snippet injection,"function bug_unchk_send1() payable public{
      msg.sender.transfer(1 ether);}
"
13833,480,81,Unchecked-Send,code snippet injection,"function bug_unchk_send25() payable public{
      msg.sender.transfer(1 ether);}
"
8780,319,81,Unchecked-Send,code snippet injection,"function bug_unchk_send20() payable public{
      msg.sender.transfer(1 ether);}
"
19788,688,81,Unchecked-Send,code snippet injection,"function bug_unchk_send31() payable public{
      msg.sender.transfer(1 ether);}
"
17223,634,81,Unchecked-Send,code snippet injection,"function bug_unchk_send22() payable public{
      msg.sender.transfer(1 ether);}
"
