start,line_number,size,bug_type,approach,bug_snip
6206,301,80,Unchecked-Send,code snippet injection,"function bug_unchk_send7() payable public{
      msg.sender.transfer(1 ether);}
"
6430,315,80,Unchecked-Send,code snippet injection,"function bug_unchk_send9() payable public{
      msg.sender.transfer(1 ether);}
"
9487,445,80,Unchecked-Send,code snippet injection,"function bug_unchk_send2() payable public{
      msg.sender.transfer(1 ether);}
"
2957,168,81,Unchecked-Send,code snippet injection,"function bug_unchk_send25() payable public{
      msg.sender.transfer(1 ether);}
"
