start,line_number,size,bug_type,approach,bug_snip
5875,302,81,Unchecked-Send,code snippet injection,"function bug_unchk_send14() payable public{
      msg.sender.transfer(1 ether);}
"
859,55,80,Unchecked-Send,code snippet injection,"function bug_unchk_send6() payable public{
      msg.sender.transfer(1 ether);}
"
454,34,81,Unchecked-Send,code snippet injection,"function bug_unchk_send26() payable public{
      msg.sender.transfer(1 ether);}
"
4599,248,81,Unchecked-Send,code snippet injection,"function bug_unchk_send16() payable public{
      msg.sender.transfer(1 ether);}
"
