{
  "success": true,
  "error": null,
  "results": {
    "detectors": [
      {
        "elements": [
          {
            "type": "function",
            "name": "Save",
            "source_mapping": {
              "start": 383,
              "length": 107,
              "filename_relative": "ABC.sol",
              "filename_absolute": "C:\\Users\\20520\\Blockchain-Smart-Contract-Security\\get_source\\dataset\\ABC.sol",
              "filename_short": "ABC.sol",
              "is_dependency": false,
              "lines": [
                33,
                34,
                35,
                36,
                37
              ],
              "starting_column": 5,
              "ending_column": 6
            },
            "type_specific_fields": {
              "parent": {
                "type": "contract",
                "name": "ABC",
                "source_mapping": {
                  "start": 95,
                  "length": 698,
                  "filename_relative": "ABC.sol",
                  "filename_absolute": "C:\\Users\\20520\\Blockchain-Smart-Contract-Security\\get_source\\dataset\\ABC.sol",
                  "filename_short": "ABC.sol",
                  "is_dependency": false,
                  "lines": [
                    7,
                    8,
                    9,
                    10,
                    11,
                    12,
                    13,
                    14,
                    15,
                    16,
                    17,
                    18,
                    19,
                    20,
                    21,
                    22,
                    23,
                    24,
                    25,
                    26,
                    27,
                    28,
                    29,
                    30,
                    31,
                    32,
                    33,
                    34,
                    35,
                    36,
                    37,
                    38,
                    39,
                    40,
                    41,
                    42,
                    43,
                    44,
                    45,
                    46,
                    47,
                    48,
                    49,
                    50,
                    51,
                    52,
                    53,
                    54,
                    55,
                    56,
                    57,
                    58,
                    59,
                    60,
                    61,
                    62,
                    63,
                    64
                  ],
                  "starting_column": 1,
                  "ending_column": 0
                }
              },
              "signature": "Save(address,address,uint256)"
            }
          },
          {
            "type": "node",
            "name": "require(bool)(_list[addr1] != true)",
            "source_mapping": {
              "start": 454,
              "length": 27,
              "filename_relative": "ABC.sol",
              "filename_absolute": "C:\\Users\\20520\\Blockchain-Smart-Contract-Security\\get_source\\dataset\\ABC.sol",
              "filename_short": "ABC.sol",
              "is_dependency": false,
              "lines": [
                35
              ],
              "starting_column": 9,
              "ending_column": 36
            },
            "type_specific_fields": {
              "parent": {
                "type": "function",
                "name": "Save",
                "source_mapping": {
                  "start": 383,
                  "length": 107,
                  "filename_relative": "ABC.sol",
                  "filename_absolute": "C:\\Users\\20520\\Blockchain-Smart-Contract-Security\\get_source\\dataset\\ABC.sol",
                  "filename_short": "ABC.sol",
                  "is_dependency": false,
                  "lines": [
                    33,
                    34,
                    35,
                    36,
                    37
                  ],
                  "starting_column": 5,
                  "ending_column": 6
                },
                "type_specific_fields": {
                  "parent": {
                    "type": "contract",
                    "name": "ABC",
                    "source_mapping": {
                      "start": 95,
                      "length": 698,
                      "filename_relative": "ABC.sol",
                      "filename_absolute": "C:\\Users\\20520\\Blockchain-Smart-Contract-Security\\get_source\\dataset\\ABC.sol",
                      "filename_short": "ABC.sol",
                      "is_dependency": false,
                      "lines": [
                        7,
                        8,
                        9,
                        10,
                        11,
                        12,
                        13,
                        14,
                        15,
                        16,
                        17,
                        18,
                        19,
                        20,
                        21,
                        22,
                        23,
                        24,
                        25,
                        26,
                        27,
                        28,
                        29,
                        30,
                        31,
                        32,
                        33,
                        34,
                        35,
                        36,
                        37,
                        38,
                        39,
                        40,
                        41,
                        42,
                        43,
                        44,
                        45,
                        46,
                        47,
                        48,
                        49,
                        50,
                        51,
                        52,
                        53,
                        54,
                        55,
                        56,
                        57,
                        58,
                        59,
                        60,
                        61,
                        62,
                        63,
                        64
                      ],
                      "starting_column": 1,
                      "ending_column": 0
                    }
                  },
                  "signature": "Save(address,address,uint256)"
                }
              }
            }
          }
        ],
        "description": "ABC.Save(address,address,uint256) (ABC.sol#33-37) compares to a boolean constant:\n\t-require(bool)(_list[addr1] != true) (ABC.sol#35)\n",
        "markdown": "[ABC.Save(address,address,uint256)](ABC.sol#L33-L37) compares to a boolean constant:\n\t-[require(bool)(_list[addr1] != true)](ABC.sol#L35)\n",
        "first_markdown_element": "ABC.sol#L33-L37",
        "id": "1a92fd5f0f61640c6fa4be289a2506fdaaf48b9e499748caf5be432773b11335",
        "check": "boolean-equal",
        "impact": "Informational",
        "confidence": "High"
      },
      {
        "elements": [
          {
            "type": "pragma",
            "name": "=0.8.19",
            "source_mapping": {
              "start": 68,
              "length": 24,
              "filename_relative": "ABC.sol",
              "filename_absolute": "C:\\Users\\20520\\Blockchain-Smart-Contract-Security\\get_source\\dataset\\ABC.sol",
              "filename_short": "ABC.sol",
              "is_dependency": false,
              "lines": [
                5
              ],
              "starting_column": 1,
              "ending_column": 25
            },
            "type_specific_fields": {
              "directive": [
                "solidity",
                "=",
                "0.8",
                ".19"
              ]
            }
          }
        ],
        "description": "Pragma version=0.8.19 (ABC.sol#5) necessitates a version too recent to be trusted. Consider deploying with 0.6.12/0.7.6/0.8.16\n",
        "markdown": "Pragma version[=0.8.19](ABC.sol#L5) necessitates a version too recent to be trusted. Consider deploying with 0.6.12/0.7.6/0.8.16\n",
        "first_markdown_element": "ABC.sol#L5",
        "id": "0dd505d32482f8e7115220ff19fc8ce4a2e35b7fd175180959775ab01a33fc3c",
        "check": "solc-version",
        "impact": "Informational",
        "confidence": "High"
      },
      {
        "elements": [],
        "description": "solc-0.8.19 is not recommended for deployment\n",
        "markdown": "solc-0.8.19 is not recommended for deployment\n",
        "first_markdown_element": "",
        "id": "bc0e6f5edf86fec0e8668af5b6535a97ff60d9ff435d7796649d79d0b5e89ed6",
        "check": "solc-version",
        "impact": "Informational",
        "confidence": "High"
      },
      {
        "elements": [
          {
            "type": "function",
            "name": "Save",
            "source_mapping": {
              "start": 383,
              "length": 107,
              "filename_relative": "ABC.sol",
              "filename_absolute": "C:\\Users\\20520\\Blockchain-Smart-Contract-Security\\get_source\\dataset\\ABC.sol",
              "filename_short": "ABC.sol",
              "is_dependency": false,
              "lines": [
                33,
                34,
                35,
                36,
                37
              ],
              "starting_column": 5,
              "ending_column": 6
            },
            "type_specific_fields": {
              "parent": {
                "type": "contract",
                "name": "ABC",
                "source_mapping": {
                  "start": 95,
                  "length": 698,
                  "filename_relative": "ABC.sol",
                  "filename_absolute": "C:\\Users\\20520\\Blockchain-Smart-Contract-Security\\get_source\\dataset\\ABC.sol",
                  "filename_short": "ABC.sol",
                  "is_dependency": false,
                  "lines": [
                    7,
                    8,
                    9,
                    10,
                    11,
                    12,
                    13,
                    14,
                    15,
                    16,
                    17,
                    18,
                    19,
                    20,
                    21,
                    22,
                    23,
                    24,
                    25,
                    26,
                    27,
                    28,
                    29,
                    30,
                    31,
                    32,
                    33,
                    34,
                    35,
                    36,
                    37,
                    38,
                    39,
                    40,
                    41,
                    42,
                    43,
                    44,
                    45,
                    46,
                    47,
                    48,
                    49,
                    50,
                    51,
                    52,
                    53,
                    54,
                    55,
                    56,
                    57,
                    58,
                    59,
                    60,
                    61,
                    62,
                    63,
                    64
                  ],
                  "starting_column": 1,
                  "ending_column": 0
                }
              },
              "signature": "Save(address,address,uint256)"
            },
            "additional_fields": {
              "target": "function",
              "convention": "mixedCase"
            }
          }
        ],
        "description": "Function ABC.Save(address,address,uint256) (ABC.sol#33-37) is not in mixedCase\n",
        "markdown": "Function [ABC.Save(address,address,uint256)](ABC.sol#L33-L37) is not in mixedCase\n",
        "first_markdown_element": "ABC.sol#L33-L37",
        "id": "6c472f748684dd3eff4182316bd5bd23e16462b5db034c34396a013b8b83cfe8",
        "check": "naming-convention",
        "impact": "Informational",
        "confidence": "High"
      },
      {
        "elements": [
          {
            "type": "variable",
            "name": "_account",
            "source_mapping": {
              "start": 701,
              "length": 16,
              "filename_relative": "ABC.sol",
              "filename_absolute": "C:\\Users\\20520\\Blockchain-Smart-Contract-Security\\get_source\\dataset\\ABC.sol",
              "filename_short": "ABC.sol",
              "is_dependency": false,
              "lines": [
                57
              ],
              "starting_column": 21,
              "ending_column": 37
            },
            "type_specific_fields": {
              "parent": {
                "type": "function",
                "name": "result",
                "source_mapping": {
                  "start": 685,
                  "length": 104,
                  "filename_relative": "ABC.sol",
                  "filename_absolute": "C:\\Users\\20520\\Blockchain-Smart-Contract-Security\\get_source\\dataset\\ABC.sol",
                  "filename_short": "ABC.sol",
                  "is_dependency": false,
                  "lines": [
                    57,
                    58,
                    59,
                    60,
                    61
                  ],
                  "starting_column": 5,
                  "ending_column": 6
                },
                "type_specific_fields": {
                  "parent": {
                    "type": "contract",
                    "name": "ABC",
                    "source_mapping": {
                      "start": 95,
                      "length": 698,
                      "filename_relative": "ABC.sol",
                      "filename_absolute": "C:\\Users\\20520\\Blockchain-Smart-Contract-Security\\get_source\\dataset\\ABC.sol",
                      "filename_short": "ABC.sol",
                      "is_dependency": false,
                      "lines": [
                        7,
                        8,
                        9,
                        10,
                        11,
                        12,
                        13,
                        14,
                        15,
                        16,
                        17,
                        18,
                        19,
                        20,
                        21,
                        22,
                        23,
                        24,
                        25,
                        26,
                        27,
                        28,
                        29,
                        30,
                        31,
                        32,
                        33,
                        34,
                        35,
                        36,
                        37,
                        38,
                        39,
                        40,
                        41,
                        42,
                        43,
                        44,
                        45,
                        46,
                        47,
                        48,
                        49,
                        50,
                        51,
                        52,
                        53,
                        54,
                        55,
                        56,
                        57,
                        58,
                        59,
                        60,
                        61,
                        62,
                        63,
                        64
                      ],
                      "starting_column": 1,
                      "ending_column": 0
                    }
                  },
                  "signature": "result(address)"
                }
              }
            },
            "additional_fields": {
              "target": "parameter",
              "convention": "mixedCase"
            }
          }
        ],
        "description": "Parameter ABC.result(address)._account (ABC.sol#57) is not in mixedCase\n",
        "markdown": "Parameter [ABC.result(address)._account](ABC.sol#L57) is not in mixedCase\n",
        "first_markdown_element": "ABC.sol#L57",
        "id": "6efdeff720d00a2963737b1a06ac630647477696c76cb2ccf19da50a22526d27",
        "check": "naming-convention",
        "impact": "Informational",
        "confidence": "High"
      },
      {
        "elements": [
          {
            "type": "variable",
            "name": "_list",
            "source_mapping": {
              "start": 146,
              "length": 28,
              "filename_relative": "ABC.sol",
              "filename_absolute": "C:\\Users\\20520\\Blockchain-Smart-Contract-Security\\get_source\\dataset\\ABC.sol",
              "filename_short": "ABC.sol",
              "is_dependency": false,
              "lines": [
                11
              ],
              "starting_column": 5,
              "ending_column": 33
            },
            "type_specific_fields": {
              "parent": {
                "type": "contract",
                "name": "ABC",
                "source_mapping": {
                  "start": 95,
                  "length": 698,
                  "filename_relative": "ABC.sol",
                  "filename_absolute": "C:\\Users\\20520\\Blockchain-Smart-Contract-Security\\get_source\\dataset\\ABC.sol",
                  "filename_short": "ABC.sol",
                  "is_dependency": false,
                  "lines": [
                    7,
                    8,
                    9,
                    10,
                    11,
                    12,
                    13,
                    14,
                    15,
                    16,
                    17,
                    18,
                    19,
                    20,
                    21,
                    22,
                    23,
                    24,
                    25,
                    26,
                    27,
                    28,
                    29,
                    30,
                    31,
                    32,
                    33,
                    34,
                    35,
                    36,
                    37,
                    38,
                    39,
                    40,
                    41,
                    42,
                    43,
                    44,
                    45,
                    46,
                    47,
                    48,
                    49,
                    50,
                    51,
                    52,
                    53,
                    54,
                    55,
                    56,
                    57,
                    58,
                    59,
                    60,
                    61,
                    62,
                    63,
                    64
                  ],
                  "starting_column": 1,
                  "ending_column": 0
                }
              }
            },
            "additional_fields": {
              "target": "variable",
              "convention": "mixedCase"
            }
          }
        ],
        "description": "Variable ABC._list (ABC.sol#11) is not in mixedCase\n",
        "markdown": "Variable [ABC._list](ABC.sol#L11) is not in mixedCase\n",
        "first_markdown_element": "ABC.sol#L11",
        "id": "bcf6486c1d49418cbe90df59d366e793de190c4c1f70d92334acfc16c51a2d46",
        "check": "naming-convention",
        "impact": "Informational",
        "confidence": "High"
      },
      {
        "elements": [
          {
            "type": "variable",
            "name": "_owner",
            "source_mapping": {
              "start": 116,
              "length": 22,
              "filename_relative": "ABC.sol",
              "filename_absolute": "C:\\Users\\20520\\Blockchain-Smart-Contract-Security\\get_source\\dataset\\ABC.sol",
              "filename_short": "ABC.sol",
              "is_dependency": false,
              "lines": [
                9
              ],
              "starting_column": 5,
              "ending_column": 27
            },
            "type_specific_fields": {
              "parent": {
                "type": "contract",
                "name": "ABC",
                "source_mapping": {
                  "start": 95,
                  "length": 698,
                  "filename_relative": "ABC.sol",
                  "filename_absolute": "C:\\Users\\20520\\Blockchain-Smart-Contract-Security\\get_source\\dataset\\ABC.sol",
                  "filename_short": "ABC.sol",
                  "is_dependency": false,
                  "lines": [
                    7,
                    8,
                    9,
                    10,
                    11,
                    12,
                    13,
                    14,
                    15,
                    16,
                    17,
                    18,
                    19,
                    20,
                    21,
                    22,
                    23,
                    24,
                    25,
                    26,
                    27,
                    28,
                    29,
                    30,
                    31,
                    32,
                    33,
                    34,
                    35,
                    36,
                    37,
                    38,
                    39,
                    40,
                    41,
                    42,
                    43,
                    44,
                    45,
                    46,
                    47,
                    48,
                    49,
                    50,
                    51,
                    52,
                    53,
                    54,
                    55,
                    56,
                    57,
                    58,
                    59,
                    60,
                    61,
                    62,
                    63,
                    64
                  ],
                  "starting_column": 1,
                  "ending_column": 0
                }
              }
            }
          }
        ],
        "description": "ABC._owner (ABC.sol#9) should be immutable \n",
        "markdown": "[ABC._owner](ABC.sol#L9) should be immutable \n",
        "first_markdown_element": "ABC.sol#L9",
        "id": "324f772ef6d26c431c1aee7fc0b6952a0984b477bba2d75f447dda3d5b0f8f0e",
        "check": "immutable-states",
        "impact": "Optimization",
        "confidence": "High"
      }
    ]
  }
}