{
  "success": true,
  "error": null,
  "results": {
    "detectors": [
      {
        "elements": [
          {
            "type": "function",
            "name": "_msgData",
            "source_mapping": {
              "start": 844,
              "length": 103,
              "filename_relative": "Academinu.sol",
              "filename_absolute": "C:\\Users\\20520\\Blockchain-Smart-Contract-Security\\get_source\\dataset\\Academinu.sol",
              "filename_short": "Academinu.sol",
              "is_dependency": false,
              "lines": [
                49,
                50,
                51,
                52,
                53
              ],
              "starting_column": 5,
              "ending_column": 6
            },
            "type_specific_fields": {
              "parent": {
                "type": "contract",
                "name": "Context",
                "source_mapping": {
                  "start": 700,
                  "length": 251,
                  "filename_relative": "Academinu.sol",
                  "filename_absolute": "C:\\Users\\20520\\Blockchain-Smart-Contract-Security\\get_source\\dataset\\Academinu.sol",
                  "filename_short": "Academinu.sol",
                  "is_dependency": false,
                  "lines": [
                    39,
                    40,
                    41,
                    42,
                    43,
                    44,
                    45,
                    46,
                    47,
                    48,
                    49,
                    50,
                    51,
                    52,
                    53,
                    54,
                    55
                  ],
                  "starting_column": 1,
                  "ending_column": 2
                }
              },
              "signature": "_msgData()"
            }
          }
        ],
        "description": "Context._msgData() (Academinu.sol#49-53) is never used and should be removed\n",
        "markdown": "[Context._msgData()](Academinu.sol#L49-L53) is never used and should be removed\n",
        "first_markdown_element": "Academinu.sol#L49-L53",
        "id": "93bd23634a3bf022810e43138345cf58db61248a704a7d277c8ec3d68c3ad188",
        "check": "dead-code",
        "impact": "Informational",
        "confidence": "Medium"
      },
      {
        "elements": [
          {
            "type": "pragma",
            "name": "^0.8.0",
            "source_mapping": {
              "start": 4086,
              "length": 23,
              "filename_relative": "Academinu.sol",
              "filename_absolute": "C:\\Users\\20520\\Blockchain-Smart-Contract-Security\\get_source\\dataset\\Academinu.sol",
              "filename_short": "Academinu.sol",
              "is_dependency": false,
              "lines": [
                239
              ],
              "starting_column": 1,
              "ending_column": 24
            },
            "type_specific_fields": {
              "directive": [
                "solidity",
                "^",
                "0.8",
                ".0"
              ]
            }
          }
        ],
        "description": "Pragma version^0.8.0 (Academinu.sol#239) allows old versions\n",
        "markdown": "Pragma version[^0.8.0](Academinu.sol#L239) allows old versions\n",
        "first_markdown_element": "Academinu.sol#L239",
        "id": "30cdaeb5f3fc4be6b8ba24079709852c439e4cd71eb31ecf007a861643545ec5",
        "check": "solc-version",
        "impact": "Informational",
        "confidence": "High"
      },
      {
        "elements": [
          {
            "type": "pragma",
            "name": "^0.8.0",
            "source_mapping": {
              "start": 17656,
              "length": 23,
              "filename_relative": "Academinu.sol",
              "filename_absolute": "C:\\Users\\20520\\Blockchain-Smart-Contract-Security\\get_source\\dataset\\Academinu.sol",
              "filename_short": "Academinu.sol",
              "is_dependency": false,
              "lines": [
                1033
              ],
              "starting_column": 1,
              "ending_column": 24
            },
            "type_specific_fields": {
              "directive": [
                "solidity",
                "^",
                "0.8",
                ".0"
              ]
            }
          }
        ],
        "description": "Pragma version^0.8.0 (Academinu.sol#1033) allows old versions\n",
        "markdown": "Pragma version[^0.8.0](Academinu.sol#L1033) allows old versions\n",
        "first_markdown_element": "Academinu.sol#L1033",
        "id": "82cae764ea83c5018eca32e5fb1cea232a30712e637f6f304a72ebda8b73f77d",
        "check": "solc-version",
        "impact": "Informational",
        "confidence": "High"
      },
      {
        "elements": [
          {
            "type": "pragma",
            "name": "^0.8.0",
            "source_mapping": {
              "start": 1099,
              "length": 23,
              "filename_relative": "Academinu.sol",
              "filename_absolute": "C:\\Users\\20520\\Blockchain-Smart-Contract-Security\\get_source\\dataset\\Academinu.sol",
              "filename_short": "Academinu.sol",
              "is_dependency": false,
              "lines": [
                69
              ],
              "starting_column": 1,
              "ending_column": 24
            },
            "type_specific_fields": {
              "directive": [
                "solidity",
                "^",
                "0.8",
                ".0"
              ]
            }
          }
        ],
        "description": "Pragma version^0.8.0 (Academinu.sol#69) allows old versions\n",
        "markdown": "Pragma version[^0.8.0](Academinu.sol#L69) allows old versions\n",
        "first_markdown_element": "Academinu.sol#L69",
        "id": "924e6671f9881fcabec6e1d1984a624b7596601d8f440611989103689d413df3",
        "check": "solc-version",
        "impact": "Informational",
        "confidence": "High"
      },
      {
        "elements": [
          {
            "type": "pragma",
            "name": "^0.8.0",
            "source_mapping": {
              "start": 154,
              "length": 23,
              "filename_relative": "Academinu.sol",
              "filename_absolute": "C:\\Users\\20520\\Blockchain-Smart-Contract-Security\\get_source\\dataset\\Academinu.sol",
              "filename_short": "Academinu.sol",
              "is_dependency": false,
              "lines": [
                15
              ],
              "starting_column": 1,
              "ending_column": 24
            },
            "type_specific_fields": {
              "directive": [
                "solidity",
                "^",
                "0.8",
                ".0"
              ]
            }
          }
        ],
        "description": "Pragma version^0.8.0 (Academinu.sol#15) allows old versions\n",
        "markdown": "Pragma version[^0.8.0](Academinu.sol#L15) allows old versions\n",
        "first_markdown_element": "Academinu.sol#L15",
        "id": "9e27e59e733e2ce57bcadb19337aff5cdce5f82fbb0f1026b65760f63b7d3d3d",
        "check": "solc-version",
        "impact": "Informational",
        "confidence": "High"
      },
      {
        "elements": [],
        "description": "solc-0.8.0 is not recommended for deployment\n",
        "markdown": "solc-0.8.0 is not recommended for deployment\n",
        "first_markdown_element": "",
        "id": "c298e4718eba1e635e63e4c3206d561ac1974eaef1a3bba154ff9c56bcf6282a",
        "check": "solc-version",
        "impact": "Informational",
        "confidence": "High"
      },
      {
        "elements": [
          {
            "type": "pragma",
            "name": "^0.8.0",
            "source_mapping": {
              "start": 4826,
              "length": 23,
              "filename_relative": "Academinu.sol",
              "filename_absolute": "C:\\Users\\20520\\Blockchain-Smart-Contract-Security\\get_source\\dataset\\Academinu.sol",
              "filename_short": "Academinu.sol",
              "is_dependency": false,
              "lines": [
                299
              ],
              "starting_column": 1,
              "ending_column": 24
            },
            "type_specific_fields": {
              "directive": [
                "solidity",
                "^",
                "0.8",
                ".0"
              ]
            }
          }
        ],
        "description": "Pragma version^0.8.0 (Academinu.sol#299) allows old versions\n",
        "markdown": "Pragma version[^0.8.0](Academinu.sol#L299) allows old versions\n",
        "first_markdown_element": "Academinu.sol#L299",
        "id": "f15b747d3b5c05c2e20120c8abe0e761cbcce2f70d47102c822032f7e6248c8e",
        "check": "solc-version",
        "impact": "Informational",
        "confidence": "High"
      }
    ]
  }
}