{
  "success": true,
  "error": null,
  "results": {
    "detectors": [
      {
        "elements": [
          {
            "type": "pragma",
            "name": "=0.8.21",
            "source_mapping": {
              "start": 23172,
              "length": 25,
              "filename_relative": "aLakeToken.sol",
              "filename_absolute": "C:\\Users\\20520\\Blockchain-Smart-Contract-Security\\get_source\\dataset\\aLakeToken.sol",
              "filename_short": "aLakeToken.sol",
              "is_dependency": false,
              "lines": [
                1245
              ],
              "starting_column": 1,
              "ending_column": 26
            },
            "type_specific_fields": {
              "directive": [
                "solidity",
                "=",
                "0.8",
                ".21"
              ]
            }
          },
          {
            "type": "pragma",
            "name": "^0.8.20",
            "source_mapping": {
              "start": 153,
              "length": 24,
              "filename_relative": "aLakeToken.sol",
              "filename_absolute": "C:\\Users\\20520\\Blockchain-Smart-Contract-Security\\get_source\\dataset\\aLakeToken.sol",
              "filename_short": "aLakeToken.sol",
              "is_dependency": false,
              "lines": [
                9
              ],
              "starting_column": 1,
              "ending_column": 25
            },
            "type_specific_fields": {
              "directive": [
                "solidity",
                "^",
                "0.8",
                ".20"
              ]
            }
          },
          {
            "type": "pragma",
            "name": "^0.8.20",
            "source_mapping": {
              "start": 7026,
              "length": 24,
              "filename_relative": "aLakeToken.sol",
              "filename_absolute": "C:\\Users\\20520\\Blockchain-Smart-Contract-Security\\get_source\\dataset\\aLakeToken.sol",
              "filename_short": "aLakeToken.sol",
              "is_dependency": false,
              "lines": [
                339
              ],
              "starting_column": 1,
              "ending_column": 25
            },
            "type_specific_fields": {
              "directive": [
                "solidity",
                "^",
                "0.8",
                ".20"
              ]
            }
          },
          {
            "type": "pragma",
            "name": "^0.8.20",
            "source_mapping": {
              "start": 7972,
              "length": 24,
              "filename_relative": "aLakeToken.sol",
              "filename_absolute": "C:\\Users\\20520\\Blockchain-Smart-Contract-Security\\get_source\\dataset\\aLakeToken.sol",
              "filename_short": "aLakeToken.sol",
              "is_dependency": false,
              "lines": [
                393
              ],
              "starting_column": 1,
              "ending_column": 25
            },
            "type_specific_fields": {
              "directive": [
                "solidity",
                "^",
                "0.8",
                ".20"
              ]
            }
          },
          {
            "type": "pragma",
            "name": "^0.8.20",
            "source_mapping": {
              "start": 10980,
              "length": 24,
              "filename_relative": "aLakeToken.sol",
              "filename_absolute": "C:\\Users\\20520\\Blockchain-Smart-Contract-Security\\get_source\\dataset\\aLakeToken.sol",
              "filename_short": "aLakeToken.sol",
              "is_dependency": false,
              "lines": [
                557
              ],
              "starting_column": 1,
              "ending_column": 25
            },
            "type_specific_fields": {
              "directive": [
                "solidity",
                "^",
                "0.8",
                ".20"
              ]
            }
          },
          {
            "type": "pragma",
            "name": "^0.8.20",
            "source_mapping": {
              "start": 11687,
              "length": 24,
              "filename_relative": "aLakeToken.sol",
              "filename_absolute": "C:\\Users\\20520\\Blockchain-Smart-Contract-Security\\get_source\\dataset\\aLakeToken.sol",
              "filename_short": "aLakeToken.sol",
              "is_dependency": false,
              "lines": [
                613
              ],
              "starting_column": 1,
              "ending_column": 25
            },
            "type_specific_fields": {
              "directive": [
                "solidity",
                "^",
                "0.8",
                ".20"
              ]
            }
          }
        ],
        "description": "Different versions of Solidity are used:\n\t- Version used: ['=0.8.21', '^0.8.20']\n\t- =0.8.21 (aLakeToken.sol#1245)\n\t- ^0.8.20 (aLakeToken.sol#9)\n\t- ^0.8.20 (aLakeToken.sol#339)\n\t- ^0.8.20 (aLakeToken.sol#393)\n\t- ^0.8.20 (aLakeToken.sol#557)\n\t- ^0.8.20 (aLakeToken.sol#613)\n",
        "markdown": "Different versions of Solidity are used:\n\t- Version used: ['=0.8.21', '^0.8.20']\n\t- [=0.8.21](aLakeToken.sol#L1245)\n\t- [^0.8.20](aLakeToken.sol#L9)\n\t- [^0.8.20](aLakeToken.sol#L339)\n\t- [^0.8.20](aLakeToken.sol#L393)\n\t- [^0.8.20](aLakeToken.sol#L557)\n\t- [^0.8.20](aLakeToken.sol#L613)\n",
        "first_markdown_element": "aLakeToken.sol#L1245",
        "id": "926a6d300b70586badb6ee665ab15fe70cd2a346b1d0ec3cabf38afc2f6ed7a5",
        "check": "pragma",
        "impact": "Informational",
        "confidence": "High"
      },
      {
        "elements": [
          {
            "type": "function",
            "name": "_burn",
            "source_mapping": {
              "start": 20088,
              "length": 216,
              "filename_relative": "aLakeToken.sol",
              "filename_absolute": "C:\\Users\\20520\\Blockchain-Smart-Contract-Security\\get_source\\dataset\\aLakeToken.sol",
              "filename_short": "aLakeToken.sol",
              "is_dependency": false,
              "lines": [
                1085,
                1086,
                1087,
                1088,
                1089,
                1090,
                1091,
                1092,
                1093,
                1094,
                1095
              ],
              "starting_column": 5,
              "ending_column": 6
            },
            "type_specific_fields": {
              "parent": {
                "type": "contract",
                "name": "ERC20",
                "source_mapping": {
                  "start": 12828,
                  "length": 10305,
                  "filename_relative": "aLakeToken.sol",
                  "filename_absolute": "C:\\Users\\20520\\Blockchain-Smart-Contract-Security\\get_source\\dataset\\aLakeToken.sol",
                  "filename_short": "aLakeToken.sol",
                  "is_dependency": false,
                  "lines": [
                    671,
                    672,
                    673,
                    674,
                    675,
                    676,
                    677,
                    678,
                    679,
                    680,
                    681,
                    682,
                    683,
                    684,
                    685,
                    686,
                    687,
                    688,
                    689,
                    690,
                    691,
                    692,
                    693,
                    694,
                    695,
                    696,
                    697,
                    698,
                    699,
                    700,
                    701,
                    702,
                    703,
                    704,
                    705,
                    706,
                    707,
                    708,
                    709,
                    710,
                    711,
                    712,
                    713,
                    714,
                    715,
                    716,
                    717,
                    718,
                    719,
                    720,
                    721,
                    722,
                    723,
                    724,
                    725,
                    726,
                    727,
                    728,
                    729,
                    730,
                    731,
                    732,
                    733,
                    734,
                    735,
                    736,
                    737,
                    738,
                    739,
                    740,
                    741,
                    742,
                    743,
                    744,
                    745,
                    746,
                    747,
                    748,
                    749,
                    750,
                    751,
                    752,
                    753,
                    754,
                    755,
                    756,
                    757,
                    758,
                    759,
                    760,
                    761,
                    762,
                    763,
                    764,
                    765,
                    766,
                    767,
                    768,
                    769,
                    770,
                    771,
                    772,
                    773,
                    774,
                    775,
                    776,
                    777,
                    778,
                    779,
                    780,
                    781,
                    782,
                    783,
                    784,
                    785,
                    786,
                    787,
                    788,
                    789,
                    790,
                    791,
                    792,
                    793,
                    794,
                    795,
                    796,
                    797,
                    798,
                    799,
                    800,
                    801,
                    802,
                    803,
                    804,
                    805,
                    806,
                    807,
                    808,
                    809,
                    810,
                    811,
                    812,
                    813,
                    814,
                    815,
                    816,
                    817,
                    818,
                    819,
                    820,
                    821,
                    822,
                    823,
                    824,
                    825,
                    826,
                    827,
                    828,
                    829,
                    830,
                    831,
                    832,
                    833,
                    834,
                    835,
                    836,
                    837,
                    838,
                    839,
                    840,
                    841,
                    842,
                    843,
                    844,
                    845,
                    846,
                    847,
                    848,
                    849,
                    850,
                    851,
                    852,
                    853,
                    854,
                    855,
                    856,
                    857,
                    858,
                    859,
                    860,
                    861,
                    862,
                    863,
                    864,
                    865,
                    866,
                    867,
                    868,
                    869,
                    870,
                    871,
                    872,
                    873,
                    874,
                    875,
                    876,
                    877,
                    878,
                    879,
                    880,
                    881,
                    882,
                    883,
                    884,
                    885,
                    886,
                    887,
                    888,
                    889,
                    890,
                    891,
                    892,
                    893,
                    894,
                    895,
                    896,
                    897,
                    898,
                    899,
                    900,
                    901,
                    902,
                    903,
                    904,
                    905,
                    906,
                    907,
                    908,
                    909,
                    910,
                    911,
                    912,
                    913,
                    914,
                    915,
                    916,
                    917,
                    918,
                    919,
                    920,
                    921,
                    922,
                    923,
                    924,
                    925,
                    926,
                    927,
                    928,
                    929,
                    930,
                    931,
                    932,
                    933,
                    934,
                    935,
                    936,
                    937,
                    938,
                    939,
                    940,
                    941,
                    942,
                    943,
                    944,
                    945,
                    946,
                    947,
                    948,
                    949,
                    950,
                    951,
                    952,
                    953,
                    954,
                    955,
                    956,
                    957,
                    958,
                    959,
                    960,
                    961,
                    962,
                    963,
                    964,
                    965,
                    966,
                    967,
                    968,
                    969,
                    970,
                    971,
                    972,
                    973,
                    974,
                    975,
                    976,
                    977,
                    978,
                    979,
                    980,
                    981,
                    982,
                    983,
                    984,
                    985,
                    986,
                    987,
                    988,
                    989,
                    990,
                    991,
                    992,
                    993,
                    994,
                    995,
                    996,
                    997,
                    998,
                    999,
                    1000,
                    1001,
                    1002,
                    1003,
                    1004,
                    1005,
                    1006,
                    1007,
                    1008,
                    1009,
                    1010,
                    1011,
                    1012,
                    1013,
                    1014,
                    1015,
                    1016,
                    1017,
                    1018,
                    1019,
                    1020,
                    1021,
                    1022,
                    1023,
                    1024,
                    1025,
                    1026,
                    1027,
                    1028,
                    1029,
                    1030,
                    1031,
                    1032,
                    1033,
                    1034,
                    1035,
                    1036,
                    1037,
                    1038,
                    1039,
                    1040,
                    1041,
                    1042,
                    1043,
                    1044,
                    1045,
                    1046,
                    1047,
                    1048,
                    1049,
                    1050,
                    1051,
                    1052,
                    1053,
                    1054,
                    1055,
                    1056,
                    1057,
                    1058,
                    1059,
                    1060,
                    1061,
                    1062,
                    1063,
                    1064,
                    1065,
                    1066,
                    1067,
                    1068,
                    1069,
                    1070,
                    1071,
                    1072,
                    1073,
                    1074,
                    1075,
                    1076,
                    1077,
                    1078,
                    1079,
                    1080,
                    1081,
                    1082,
                    1083,
                    1084,
                    1085,
                    1086,
                    1087,
                    1088,
                    1089,
                    1090,
                    1091,
                    1092,
                    1093,
                    1094,
                    1095,
                    1096,
                    1097,
                    1098,
                    1099,
                    1100,
                    1101,
                    1102,
                    1103,
                    1104,
                    1105,
                    1106,
                    1107,
                    1108,
                    1109,
                    1110,
                    1111,
                    1112,
                    1113,
                    1114,
                    1115,
                    1116,
                    1117,
                    1118,
                    1119,
                    1120,
                    1121,
                    1122,
                    1123,
                    1124,
                    1125,
                    1126,
                    1127,
                    1128,
                    1129,
                    1130,
                    1131,
                    1132,
                    1133,
                    1134,
                    1135,
                    1136,
                    1137,
                    1138,
                    1139,
                    1140,
                    1141,
                    1142,
                    1143,
                    1144,
                    1145,
                    1146,
                    1147,
                    1148,
                    1149,
                    1150,
                    1151,
                    1152,
                    1153,
                    1154,
                    1155,
                    1156,
                    1157,
                    1158,
                    1159,
                    1160,
                    1161,
                    1162,
                    1163,
                    1164,
                    1165,
                    1166,
                    1167,
                    1168,
                    1169,
                    1170,
                    1171,
                    1172,
                    1173,
                    1174,
                    1175,
                    1176,
                    1177,
                    1178,
                    1179,
                    1180,
                    1181,
                    1182,
                    1183,
                    1184,
                    1185,
                    1186,
                    1187,
                    1188,
                    1189,
                    1190,
                    1191,
                    1192,
                    1193,
                    1194,
                    1195,
                    1196,
                    1197,
                    1198,
                    1199,
                    1200,
                    1201,
                    1202,
                    1203,
                    1204,
                    1205,
                    1206,
                    1207,
                    1208,
                    1209,
                    1210,
                    1211,
                    1212,
                    1213,
                    1214,
                    1215,
                    1216,
                    1217,
                    1218,
                    1219,
                    1220,
                    1221,
                    1222,
                    1223,
                    1224,
                    1225,
                    1226,
                    1227,
                    1228,
                    1229,
                    1230,
                    1231,
                    1232,
                    1233,
                    1234,
                    1235
                  ],
                  "starting_column": 1,
                  "ending_column": 2
                }
              },
              "signature": "_burn(address,uint256)"
            }
          }
        ],
        "description": "ERC20._burn(address,uint256) (aLakeToken.sol#1085-1095) is never used and should be removed\n",
        "markdown": "[ERC20._burn(address,uint256)](aLakeToken.sol#L1085-L1095) is never used and should be removed\n",
        "first_markdown_element": "aLakeToken.sol#L1085-L1095",
        "id": "70b4280aa93f6eb2c97f92406a75cd9ba30bac85d7bf7a71e8eb4369d74cc422",
        "check": "dead-code",
        "impact": "Informational",
        "confidence": "Medium"
      },
      {
        "elements": [
          {
            "type": "function",
            "name": "_msgData",
            "source_mapping": {
              "start": 7717,
              "length": 103,
              "filename_relative": "aLakeToken.sol",
              "filename_absolute": "C:\\Users\\20520\\Blockchain-Smart-Contract-Security\\get_source\\dataset\\aLakeToken.sol",
              "filename_short": "aLakeToken.sol",
              "is_dependency": false,
              "lines": [
                373,
                374,
                375,
                376,
                377
              ],
              "starting_column": 5,
              "ending_column": 6
            },
            "type_specific_fields": {
              "parent": {
                "type": "contract",
                "name": "Context",
                "source_mapping": {
                  "start": 7573,
                  "length": 251,
                  "filename_relative": "aLakeToken.sol",
                  "filename_absolute": "C:\\Users\\20520\\Blockchain-Smart-Contract-Security\\get_source\\dataset\\aLakeToken.sol",
                  "filename_short": "aLakeToken.sol",
                  "is_dependency": false,
                  "lines": [
                    363,
                    364,
                    365,
                    366,
                    367,
                    368,
                    369,
                    370,
                    371,
                    372,
                    373,
                    374,
                    375,
                    376,
                    377,
                    378,
                    379
                  ],
                  "starting_column": 1,
                  "ending_column": 2
                }
              },
              "signature": "_msgData()"
            }
          }
        ],
        "description": "Context._msgData() (aLakeToken.sol#373-377) is never used and should be removed\n",
        "markdown": "[Context._msgData()](aLakeToken.sol#L373-L377) is never used and should be removed\n",
        "first_markdown_element": "aLakeToken.sol#L373-L377",
        "id": "93bd23634a3bf022810e43138345cf58db61248a704a7d277c8ec3d68c3ad188",
        "check": "dead-code",
        "impact": "Informational",
        "confidence": "Medium"
      },
      {
        "elements": [
          {
            "type": "pragma",
            "name": "^0.8.20",
            "source_mapping": {
              "start": 10980,
              "length": 24,
              "filename_relative": "aLakeToken.sol",
              "filename_absolute": "C:\\Users\\20520\\Blockchain-Smart-Contract-Security\\get_source\\dataset\\aLakeToken.sol",
              "filename_short": "aLakeToken.sol",
              "is_dependency": false,
              "lines": [
                557
              ],
              "starting_column": 1,
              "ending_column": 25
            },
            "type_specific_fields": {
              "directive": [
                "solidity",
                "^",
                "0.8",
                ".20"
              ]
            }
          }
        ],
        "description": "Pragma version^0.8.20 (aLakeToken.sol#557) necessitates a version too recent to be trusted. Consider deploying with 0.6.12/0.7.6/0.8.16\n",
        "markdown": "Pragma version[^0.8.20](aLakeToken.sol#L557) necessitates a version too recent to be trusted. Consider deploying with 0.6.12/0.7.6/0.8.16\n",
        "first_markdown_element": "aLakeToken.sol#L557",
        "id": "1608f7368b23f48123d648564a7e183c20192528156eb10f4429b094978d7888",
        "check": "solc-version",
        "impact": "Informational",
        "confidence": "High"
      },
      {
        "elements": [
          {
            "type": "pragma",
            "name": "^0.8.20",
            "source_mapping": {
              "start": 153,
              "length": 24,
              "filename_relative": "aLakeToken.sol",
              "filename_absolute": "C:\\Users\\20520\\Blockchain-Smart-Contract-Security\\get_source\\dataset\\aLakeToken.sol",
              "filename_short": "aLakeToken.sol",
              "is_dependency": false,
              "lines": [
                9
              ],
              "starting_column": 1,
              "ending_column": 25
            },
            "type_specific_fields": {
              "directive": [
                "solidity",
                "^",
                "0.8",
                ".20"
              ]
            }
          }
        ],
        "description": "Pragma version^0.8.20 (aLakeToken.sol#9) necessitates a version too recent to be trusted. Consider deploying with 0.6.12/0.7.6/0.8.16\n",
        "markdown": "Pragma version[^0.8.20](aLakeToken.sol#L9) necessitates a version too recent to be trusted. Consider deploying with 0.6.12/0.7.6/0.8.16\n",
        "first_markdown_element": "aLakeToken.sol#L9",
        "id": "29a56ce84e2fa82ac1154421be21103c2cce953260fce63a98ba20681c5e191f",
        "check": "solc-version",
        "impact": "Informational",
        "confidence": "High"
      },
      {
        "elements": [
          {
            "type": "pragma",
            "name": "^0.8.20",
            "source_mapping": {
              "start": 7972,
              "length": 24,
              "filename_relative": "aLakeToken.sol",
              "filename_absolute": "C:\\Users\\20520\\Blockchain-Smart-Contract-Security\\get_source\\dataset\\aLakeToken.sol",
              "filename_short": "aLakeToken.sol",
              "is_dependency": false,
              "lines": [
                393
              ],
              "starting_column": 1,
              "ending_column": 25
            },
            "type_specific_fields": {
              "directive": [
                "solidity",
                "^",
                "0.8",
                ".20"
              ]
            }
          }
        ],
        "description": "Pragma version^0.8.20 (aLakeToken.sol#393) necessitates a version too recent to be trusted. Consider deploying with 0.6.12/0.7.6/0.8.16\n",
        "markdown": "Pragma version[^0.8.20](aLakeToken.sol#L393) necessitates a version too recent to be trusted. Consider deploying with 0.6.12/0.7.6/0.8.16\n",
        "first_markdown_element": "aLakeToken.sol#L393",
        "id": "37254297e62a2948785246d9b322305489a95925b48001b6a05f71397010008a",
        "check": "solc-version",
        "impact": "Informational",
        "confidence": "High"
      },
      {
        "elements": [
          {
            "type": "pragma",
            "name": "^0.8.20",
            "source_mapping": {
              "start": 7026,
              "length": 24,
              "filename_relative": "aLakeToken.sol",
              "filename_absolute": "C:\\Users\\20520\\Blockchain-Smart-Contract-Security\\get_source\\dataset\\aLakeToken.sol",
              "filename_short": "aLakeToken.sol",
              "is_dependency": false,
              "lines": [
                339
              ],
              "starting_column": 1,
              "ending_column": 25
            },
            "type_specific_fields": {
              "directive": [
                "solidity",
                "^",
                "0.8",
                ".20"
              ]
            }
          }
        ],
        "description": "Pragma version^0.8.20 (aLakeToken.sol#339) necessitates a version too recent to be trusted. Consider deploying with 0.6.12/0.7.6/0.8.16\n",
        "markdown": "Pragma version[^0.8.20](aLakeToken.sol#L339) necessitates a version too recent to be trusted. Consider deploying with 0.6.12/0.7.6/0.8.16\n",
        "first_markdown_element": "aLakeToken.sol#L339",
        "id": "b39e6f1d1c7fc7a7889831f8d901a54dc33f8c6215026c0ca7a641e42bf02881",
        "check": "solc-version",
        "impact": "Informational",
        "confidence": "High"
      },
      {
        "elements": [
          {
            "type": "pragma",
            "name": "^0.8.20",
            "source_mapping": {
              "start": 11687,
              "length": 24,
              "filename_relative": "aLakeToken.sol",
              "filename_absolute": "C:\\Users\\20520\\Blockchain-Smart-Contract-Security\\get_source\\dataset\\aLakeToken.sol",
              "filename_short": "aLakeToken.sol",
              "is_dependency": false,
              "lines": [
                613
              ],
              "starting_column": 1,
              "ending_column": 25
            },
            "type_specific_fields": {
              "directive": [
                "solidity",
                "^",
                "0.8",
                ".20"
              ]
            }
          }
        ],
        "description": "Pragma version^0.8.20 (aLakeToken.sol#613) necessitates a version too recent to be trusted. Consider deploying with 0.6.12/0.7.6/0.8.16\n",
        "markdown": "Pragma version[^0.8.20](aLakeToken.sol#L613) necessitates a version too recent to be trusted. Consider deploying with 0.6.12/0.7.6/0.8.16\n",
        "first_markdown_element": "aLakeToken.sol#L613",
        "id": "c1824833d70d8b8f52d970a087576d2a016294a325cf699e15c0da616941dcb4",
        "check": "solc-version",
        "impact": "Informational",
        "confidence": "High"
      },
      {
        "elements": [],
        "description": "solc-0.8.21 is not recommended for deployment\n",
        "markdown": "solc-0.8.21 is not recommended for deployment\n",
        "first_markdown_element": "",
        "id": "d89306001b1fa2ce11230334eb8b32e1ae6da7490b6d2bb2daf2e369120bbacf",
        "check": "solc-version",
        "impact": "Informational",
        "confidence": "High"
      },
      {
        "elements": [
          {
            "type": "pragma",
            "name": "=0.8.21",
            "source_mapping": {
              "start": 23172,
              "length": 25,
              "filename_relative": "aLakeToken.sol",
              "filename_absolute": "C:\\Users\\20520\\Blockchain-Smart-Contract-Security\\get_source\\dataset\\aLakeToken.sol",
              "filename_short": "aLakeToken.sol",
              "is_dependency": false,
              "lines": [
                1245
              ],
              "starting_column": 1,
              "ending_column": 26
            },
            "type_specific_fields": {
              "directive": [
                "solidity",
                "=",
                "0.8",
                ".21"
              ]
            }
          }
        ],
        "description": "Pragma version=0.8.21 (aLakeToken.sol#1245) necessitates a version too recent to be trusted. Consider deploying with 0.6.12/0.7.6/0.8.16\n",
        "markdown": "Pragma version[=0.8.21](aLakeToken.sol#L1245) necessitates a version too recent to be trusted. Consider deploying with 0.6.12/0.7.6/0.8.16\n",
        "first_markdown_element": "aLakeToken.sol#L1245",
        "id": "f4f6648f9e24f8a87d1bf2068bb17b01643e99d165723d89fda715e4f0eb8637",
        "check": "solc-version",
        "impact": "Informational",
        "confidence": "High"
      },
      {
        "elements": [
          {
            "type": "contract",
            "name": "aLakeToken",
            "source_mapping": {
              "start": 23206,
              "length": 212,
              "filename_relative": "aLakeToken.sol",
              "filename_absolute": "C:\\Users\\20520\\Blockchain-Smart-Contract-Security\\get_source\\dataset\\aLakeToken.sol",
              "filename_short": "aLakeToken.sol",
              "is_dependency": false,
              "lines": [
                1251,
                1252,
                1253,
                1254,
                1255,
                1256,
                1257,
                1258,
                1259,
                1260,
                1261,
                1262,
                1263,
                1264,
                1265,
                1266
              ],
              "starting_column": 1,
              "ending_column": 0
            },
            "additional_fields": {
              "target": "contract",
              "convention": "CapWords"
            }
          }
        ],
        "description": "Contract aLakeToken (aLakeToken.sol#1251-1266) is not in CapWords\n",
        "markdown": "Contract [aLakeToken](aLakeToken.sol#L1251-L1266) is not in CapWords\n",
        "first_markdown_element": "aLakeToken.sol#L1251-L1266",
        "id": "83200c0165a6ec51d9923f1f15832e46e26f0e1d0d66a0f55bea3b3ca4b192d1",
        "check": "naming-convention",
        "impact": "Informational",
        "confidence": "High"
      }
    ]
  }
}