{
  "success": true,
  "error": null,
  "results": {
    "detectors": [
      {
        "elements": [
          {
            "type": "variable",
            "name": "owner",
            "source_mapping": {
              "start": 7142,
              "length": 13,
              "filename_relative": "ALIENTOKEN.sol",
              "filename_absolute": "C:\\Users\\20520\\Blockchain-Smart-Contract-Security\\get_source\\dataset\\ALIENTOKEN.sol",
              "filename_short": "ALIENTOKEN.sol",
              "is_dependency": false,
              "lines": [
                419
              ],
              "starting_column": 23,
              "ending_column": 36
            },
            "type_specific_fields": {
              "parent": {
                "type": "function",
                "name": "_approve",
                "source_mapping": {
                  "start": 7124,
                  "length": 352,
                  "filename_relative": "ALIENTOKEN.sol",
                  "filename_absolute": "C:\\Users\\20520\\Blockchain-Smart-Contract-Security\\get_source\\dataset\\ALIENTOKEN.sol",
                  "filename_short": "ALIENTOKEN.sol",
                  "is_dependency": false,
                  "lines": [
                    419,
                    420,
                    421,
                    422,
                    423,
                    424,
                    425,
                    426,
                    427,
                    428,
                    429,
                    430,
                    431
                  ],
                  "starting_column": 5,
                  "ending_column": 6
                },
                "type_specific_fields": {
                  "parent": {
                    "type": "contract",
                    "name": "ALIENTOKEN",
                    "source_mapping": {
                      "start": 2847,
                      "length": 4735,
                      "filename_relative": "ALIENTOKEN.sol",
                      "filename_absolute": "C:\\Users\\20520\\Blockchain-Smart-Contract-Security\\get_source\\dataset\\ALIENTOKEN.sol",
                      "filename_short": "ALIENTOKEN.sol",
                      "is_dependency": false,
                      "lines": [
                        189,
                        190,
                        191,
                        192,
                        193,
                        194,
                        195,
                        196,
                        197,
                        198,
                        199,
                        200,
                        201,
                        202,
                        203,
                        204,
                        205,
                        206,
                        207,
                        208,
                        209,
                        210,
                        211,
                        212,
                        213,
                        214,
                        215,
                        216,
                        217,
                        218,
                        219,
                        220,
                        221,
                        222,
                        223,
                        224,
                        225,
                        226,
                        227,
                        228,
                        229,
                        230,
                        231,
                        232,
                        233,
                        234,
                        235,
                        236,
                        237,
                        238,
                        239,
                        240,
                        241,
                        242,
                        243,
                        244,
                        245,
                        246,
                        247,
                        248,
                        249,
                        250,
                        251,
                        252,
                        253,
                        254,
                        255,
                        256,
                        257,
                        258,
                        259,
                        260,
                        261,
                        262,
                        263,
                        264,
                        265,
                        266,
                        267,
                        268,
                        269,
                        270,
                        271,
                        272,
                        273,
                        274,
                        275,
                        276,
                        277,
                        278,
                        279,
                        280,
                        281,
                        282,
                        283,
                        284,
                        285,
                        286,
                        287,
                        288,
                        289,
                        290,
                        291,
                        292,
                        293,
                        294,
                        295,
                        296,
                        297,
                        298,
                        299,
                        300,
                        301,
                        302,
                        303,
                        304,
                        305,
                        306,
                        307,
                        308,
                        309,
                        310,
                        311,
                        312,
                        313,
                        314,
                        315,
                        316,
                        317,
                        318,
                        319,
                        320,
                        321,
                        322,
                        323,
                        324,
                        325,
                        326,
                        327,
                        328,
                        329,
                        330,
                        331,
                        332,
                        333,
                        334,
                        335,
                        336,
                        337,
                        338,
                        339,
                        340,
                        341,
                        342,
                        343,
                        344,
                        345,
                        346,
                        347,
                        348,
                        349,
                        350,
                        351,
                        352,
                        353,
                        354,
                        355,
                        356,
                        357,
                        358,
                        359,
                        360,
                        361,
                        362,
                        363,
                        364,
                        365,
                        366,
                        367,
                        368,
                        369,
                        370,
                        371,
                        372,
                        373,
                        374,
                        375,
                        376,
                        377,
                        378,
                        379,
                        380,
                        381,
                        382,
                        383,
                        384,
                        385,
                        386,
                        387,
                        388,
                        389,
                        390,
                        391,
                        392,
                        393,
                        394,
                        395,
                        396,
                        397,
                        398,
                        399,
                        400,
                        401,
                        402,
                        403,
                        404,
                        405,
                        406,
                        407,
                        408,
                        409,
                        410,
                        411,
                        412,
                        413,
                        414,
                        415,
                        416,
                        417,
                        418,
                        419,
                        420,
                        421,
                        422,
                        423,
                        424,
                        425,
                        426,
                        427,
                        428,
                        429,
                        430,
                        431,
                        432,
                        433,
                        434,
                        435,
                        436,
                        437,
                        438
                      ],
                      "starting_column": 1,
                      "ending_column": 0
                    }
                  },
                  "signature": "_approve(address,address,uint256)"
                }
              }
            }
          },
          {
            "type": "function",
            "name": "owner",
            "source_mapping": {
              "start": 2071,
              "length": 89,
              "filename_relative": "ALIENTOKEN.sol",
              "filename_absolute": "C:\\Users\\20520\\Blockchain-Smart-Contract-Security\\get_source\\dataset\\ALIENTOKEN.sol",
              "filename_short": "ALIENTOKEN.sol",
              "is_dependency": false,
              "lines": [
                133,
                134,
                135,
                136,
                137
              ],
              "starting_column": 5,
              "ending_column": 6
            },
            "type_specific_fields": {
              "parent": {
                "type": "contract",
                "name": "Ownable",
                "source_mapping": {
                  "start": 1552,
                  "length": 1164,
                  "filename_relative": "ALIENTOKEN.sol",
                  "filename_absolute": "C:\\Users\\20520\\Blockchain-Smart-Contract-Security\\get_source\\dataset\\ALIENTOKEN.sol",
                  "filename_short": "ALIENTOKEN.sol",
                  "is_dependency": false,
                  "lines": [
                    99,
                    100,
                    101,
                    102,
                    103,
                    104,
                    105,
                    106,
                    107,
                    108,
                    109,
                    110,
                    111,
                    112,
                    113,
                    114,
                    115,
                    116,
                    117,
                    118,
                    119,
                    120,
                    121,
                    122,
                    123,
                    124,
                    125,
                    126,
                    127,
                    128,
                    129,
                    130,
                    131,
                    132,
                    133,
                    134,
                    135,
                    136,
                    137,
                    138,
                    139,
                    140,
                    141,
                    142,
                    143,
                    144,
                    145,
                    146,
                    147,
                    148,
                    149,
                    150,
                    151,
                    152,
                    153,
                    154,
                    155,
                    156,
                    157,
                    158,
                    159,
                    160,
                    161,
                    162,
                    163,
                    164,
                    165,
                    166,
                    167,
                    168,
                    169,
                    170,
                    171
                  ],
                  "starting_column": 1,
                  "ending_column": 2
                }
              },
              "signature": "owner()"
            }
          }
        ],
        "description": "ALIENTOKEN._approve(address,address,uint256).owner (ALIENTOKEN.sol#419) shadows:\n\t- Ownable.owner() (ALIENTOKEN.sol#133-137) (function)\n",
        "markdown": "[ALIENTOKEN._approve(address,address,uint256).owner](ALIENTOKEN.sol#L419) shadows:\n\t- [Ownable.owner()](ALIENTOKEN.sol#L133-L137) (function)\n",
        "first_markdown_element": "ALIENTOKEN.sol#L419",
        "id": "21826c078ff490d9794eef2a634cef14538187bac0696e250dd2e59e3b852b4d",
        "check": "shadowing-local",
        "impact": "Low",
        "confidence": "High"
      },
      {
        "elements": [
          {
            "type": "variable",
            "name": "owner",
            "source_mapping": {
              "start": 4131,
              "length": 13,
              "filename_relative": "ALIENTOKEN.sol",
              "filename_absolute": "C:\\Users\\20520\\Blockchain-Smart-Contract-Security\\get_source\\dataset\\ALIENTOKEN.sol",
              "filename_short": "ALIENTOKEN.sol",
              "is_dependency": false,
              "lines": [
                273
              ],
              "starting_column": 24,
              "ending_column": 37
            },
            "type_specific_fields": {
              "parent": {
                "type": "function",
                "name": "allowance",
                "source_mapping": {
                  "start": 4112,
                  "length": 153,
                  "filename_relative": "ALIENTOKEN.sol",
                  "filename_absolute": "C:\\Users\\20520\\Blockchain-Smart-Contract-Security\\get_source\\dataset\\ALIENTOKEN.sol",
                  "filename_short": "ALIENTOKEN.sol",
                  "is_dependency": false,
                  "lines": [
                    273,
                    274,
                    275,
                    276,
                    277
                  ],
                  "starting_column": 5,
                  "ending_column": 6
                },
                "type_specific_fields": {
                  "parent": {
                    "type": "contract",
                    "name": "ALIENTOKEN",
                    "source_mapping": {
                      "start": 2847,
                      "length": 4735,
                      "filename_relative": "ALIENTOKEN.sol",
                      "filename_absolute": "C:\\Users\\20520\\Blockchain-Smart-Contract-Security\\get_source\\dataset\\ALIENTOKEN.sol",
                      "filename_short": "ALIENTOKEN.sol",
                      "is_dependency": false,
                      "lines": [
                        189,
                        190,
                        191,
                        192,
                        193,
                        194,
                        195,
                        196,
                        197,
                        198,
                        199,
                        200,
                        201,
                        202,
                        203,
                        204,
                        205,
                        206,
                        207,
                        208,
                        209,
                        210,
                        211,
                        212,
                        213,
                        214,
                        215,
                        216,
                        217,
                        218,
                        219,
                        220,
                        221,
                        222,
                        223,
                        224,
                        225,
                        226,
                        227,
                        228,
                        229,
                        230,
                        231,
                        232,
                        233,
                        234,
                        235,
                        236,
                        237,
                        238,
                        239,
                        240,
                        241,
                        242,
                        243,
                        244,
                        245,
                        246,
                        247,
                        248,
                        249,
                        250,
                        251,
                        252,
                        253,
                        254,
                        255,
                        256,
                        257,
                        258,
                        259,
                        260,
                        261,
                        262,
                        263,
                        264,
                        265,
                        266,
                        267,
                        268,
                        269,
                        270,
                        271,
                        272,
                        273,
                        274,
                        275,
                        276,
                        277,
                        278,
                        279,
                        280,
                        281,
                        282,
                        283,
                        284,
                        285,
                        286,
                        287,
                        288,
                        289,
                        290,
                        291,
                        292,
                        293,
                        294,
                        295,
                        296,
                        297,
                        298,
                        299,
                        300,
                        301,
                        302,
                        303,
                        304,
                        305,
                        306,
                        307,
                        308,
                        309,
                        310,
                        311,
                        312,
                        313,
                        314,
                        315,
                        316,
                        317,
                        318,
                        319,
                        320,
                        321,
                        322,
                        323,
                        324,
                        325,
                        326,
                        327,
                        328,
                        329,
                        330,
                        331,
                        332,
                        333,
                        334,
                        335,
                        336,
                        337,
                        338,
                        339,
                        340,
                        341,
                        342,
                        343,
                        344,
                        345,
                        346,
                        347,
                        348,
                        349,
                        350,
                        351,
                        352,
                        353,
                        354,
                        355,
                        356,
                        357,
                        358,
                        359,
                        360,
                        361,
                        362,
                        363,
                        364,
                        365,
                        366,
                        367,
                        368,
                        369,
                        370,
                        371,
                        372,
                        373,
                        374,
                        375,
                        376,
                        377,
                        378,
                        379,
                        380,
                        381,
                        382,
                        383,
                        384,
                        385,
                        386,
                        387,
                        388,
                        389,
                        390,
                        391,
                        392,
                        393,
                        394,
                        395,
                        396,
                        397,
                        398,
                        399,
                        400,
                        401,
                        402,
                        403,
                        404,
                        405,
                        406,
                        407,
                        408,
                        409,
                        410,
                        411,
                        412,
                        413,
                        414,
                        415,
                        416,
                        417,
                        418,
                        419,
                        420,
                        421,
                        422,
                        423,
                        424,
                        425,
                        426,
                        427,
                        428,
                        429,
                        430,
                        431,
                        432,
                        433,
                        434,
                        435,
                        436,
                        437,
                        438
                      ],
                      "starting_column": 1,
                      "ending_column": 0
                    }
                  },
                  "signature": "allowance(address,address)"
                }
              }
            }
          },
          {
            "type": "function",
            "name": "owner",
            "source_mapping": {
              "start": 2071,
              "length": 89,
              "filename_relative": "ALIENTOKEN.sol",
              "filename_absolute": "C:\\Users\\20520\\Blockchain-Smart-Contract-Security\\get_source\\dataset\\ALIENTOKEN.sol",
              "filename_short": "ALIENTOKEN.sol",
              "is_dependency": false,
              "lines": [
                133,
                134,
                135,
                136,
                137
              ],
              "starting_column": 5,
              "ending_column": 6
            },
            "type_specific_fields": {
              "parent": {
                "type": "contract",
                "name": "Ownable",
                "source_mapping": {
                  "start": 1552,
                  "length": 1164,
                  "filename_relative": "ALIENTOKEN.sol",
                  "filename_absolute": "C:\\Users\\20520\\Blockchain-Smart-Contract-Security\\get_source\\dataset\\ALIENTOKEN.sol",
                  "filename_short": "ALIENTOKEN.sol",
                  "is_dependency": false,
                  "lines": [
                    99,
                    100,
                    101,
                    102,
                    103,
                    104,
                    105,
                    106,
                    107,
                    108,
                    109,
                    110,
                    111,
                    112,
                    113,
                    114,
                    115,
                    116,
                    117,
                    118,
                    119,
                    120,
                    121,
                    122,
                    123,
                    124,
                    125,
                    126,
                    127,
                    128,
                    129,
                    130,
                    131,
                    132,
                    133,
                    134,
                    135,
                    136,
                    137,
                    138,
                    139,
                    140,
                    141,
                    142,
                    143,
                    144,
                    145,
                    146,
                    147,
                    148,
                    149,
                    150,
                    151,
                    152,
                    153,
                    154,
                    155,
                    156,
                    157,
                    158,
                    159,
                    160,
                    161,
                    162,
                    163,
                    164,
                    165,
                    166,
                    167,
                    168,
                    169,
                    170,
                    171
                  ],
                  "starting_column": 1,
                  "ending_column": 2
                }
              },
              "signature": "owner()"
            }
          }
        ],
        "description": "ALIENTOKEN.allowance(address,address).owner (ALIENTOKEN.sol#273) shadows:\n\t- Ownable.owner() (ALIENTOKEN.sol#133-137) (function)\n",
        "markdown": "[ALIENTOKEN.allowance(address,address).owner](ALIENTOKEN.sol#L273) shadows:\n\t- [Ownable.owner()](ALIENTOKEN.sol#L133-L137) (function)\n",
        "first_markdown_element": "ALIENTOKEN.sol#L273",
        "id": "2987c57a5de54ee29a96fc64adcdd84acdb92afb0aae8889988f03bb29f3b72f",
        "check": "shadowing-local",
        "impact": "Low",
        "confidence": "High"
      },
      {
        "elements": [
          {
            "type": "function",
            "name": "_msgData",
            "source_mapping": {
              "start": 1304,
              "length": 238,
              "filename_relative": "ALIENTOKEN.sol",
              "filename_absolute": "C:\\Users\\20520\\Blockchain-Smart-Contract-Security\\get_source\\dataset\\ALIENTOKEN.sol",
              "filename_short": "ALIENTOKEN.sol",
              "is_dependency": false,
              "lines": [
                87,
                88,
                89,
                90,
                91,
                92,
                93
              ],
              "starting_column": 5,
              "ending_column": 6
            },
            "type_specific_fields": {
              "parent": {
                "type": "contract",
                "name": "Context",
                "source_mapping": {
                  "start": 1160,
                  "length": 386,
                  "filename_relative": "ALIENTOKEN.sol",
                  "filename_absolute": "C:\\Users\\20520\\Blockchain-Smart-Contract-Security\\get_source\\dataset\\ALIENTOKEN.sol",
                  "filename_short": "ALIENTOKEN.sol",
                  "is_dependency": false,
                  "lines": [
                    77,
                    78,
                    79,
                    80,
                    81,
                    82,
                    83,
                    84,
                    85,
                    86,
                    87,
                    88,
                    89,
                    90,
                    91,
                    92,
                    93,
                    94,
                    95
                  ],
                  "starting_column": 1,
                  "ending_column": 2
                }
              },
              "signature": "_msgData()"
            }
          }
        ],
        "description": "Context._msgData() (ALIENTOKEN.sol#87-93) is never used and should be removed\n",
        "markdown": "[Context._msgData()](ALIENTOKEN.sol#L87-L93) is never used and should be removed\n",
        "first_markdown_element": "ALIENTOKEN.sol#L87-L93",
        "id": "93bd23634a3bf022810e43138345cf58db61248a704a7d277c8ec3d68c3ad188",
        "check": "dead-code",
        "impact": "Informational",
        "confidence": "Medium"
      },
      {
        "elements": [
          {
            "type": "pragma",
            "name": "^0.8.19",
            "source_mapping": {
              "start": 179,
              "length": 24,
              "filename_relative": "ALIENTOKEN.sol",
              "filename_absolute": "C:\\Users\\20520\\Blockchain-Smart-Contract-Security\\get_source\\dataset\\ALIENTOKEN.sol",
              "filename_short": "ALIENTOKEN.sol",
              "is_dependency": false,
              "lines": [
                17
              ],
              "starting_column": 1,
              "ending_column": 25
            },
            "type_specific_fields": {
              "directive": [
                "solidity",
                "^",
                "0.8",
                ".19"
              ]
            }
          }
        ],
        "description": "Pragma version^0.8.19 (ALIENTOKEN.sol#17) necessitates a version too recent to be trusted. Consider deploying with 0.6.12/0.7.6/0.8.16\n",
        "markdown": "Pragma version[^0.8.19](ALIENTOKEN.sol#L17) necessitates a version too recent to be trusted. Consider deploying with 0.6.12/0.7.6/0.8.16\n",
        "first_markdown_element": "ALIENTOKEN.sol#L17",
        "id": "66598421298f8e6941f1b17540f42c8ade838d516c1b6bc1ff2c2cf6b17ce3b6",
        "check": "solc-version",
        "impact": "Informational",
        "confidence": "High"
      },
      {
        "elements": [],
        "description": "solc-0.8.19 is not recommended for deployment\n",
        "markdown": "solc-0.8.19 is not recommended for deployment\n",
        "first_markdown_element": "",
        "id": "bc0e6f5edf86fec0e8668af5b6535a97ff60d9ff435d7796649d79d0b5e89ed6",
        "check": "solc-version",
        "impact": "Informational",
        "confidence": "High"
      },
      {
        "elements": [
          {
            "type": "node",
            "name": "_totalSupply",
            "source_mapping": {
              "start": 3245,
              "length": 12,
              "filename_relative": "ALIENTOKEN.sol",
              "filename_absolute": "C:\\Users\\20520\\Blockchain-Smart-Contract-Security\\get_source\\dataset\\ALIENTOKEN.sol",
              "filename_short": "ALIENTOKEN.sol",
              "is_dependency": false,
              "lines": [
                215
              ],
              "starting_column": 9,
              "ending_column": 21
            },
            "type_specific_fields": {
              "parent": {
                "type": "function",
                "name": "constructor",
                "source_mapping": {
                  "start": 3155,
                  "length": 164,
                  "filename_relative": "ALIENTOKEN.sol",
                  "filename_absolute": "C:\\Users\\20520\\Blockchain-Smart-Contract-Security\\get_source\\dataset\\ALIENTOKEN.sol",
                  "filename_short": "ALIENTOKEN.sol",
                  "is_dependency": false,
                  "lines": [
                    209,
                    210,
                    211,
                    212,
                    213,
                    214,
                    215,
                    216,
                    217,
                    218,
                    219
                  ],
                  "starting_column": 5,
                  "ending_column": 6
                },
                "type_specific_fields": {
                  "parent": {
                    "type": "contract",
                    "name": "ALIENTOKEN",
                    "source_mapping": {
                      "start": 2847,
                      "length": 4735,
                      "filename_relative": "ALIENTOKEN.sol",
                      "filename_absolute": "C:\\Users\\20520\\Blockchain-Smart-Contract-Security\\get_source\\dataset\\ALIENTOKEN.sol",
                      "filename_short": "ALIENTOKEN.sol",
                      "is_dependency": false,
                      "lines": [
                        189,
                        190,
                        191,
                        192,
                        193,
                        194,
                        195,
                        196,
                        197,
                        198,
                        199,
                        200,
                        201,
                        202,
                        203,
                        204,
                        205,
                        206,
                        207,
                        208,
                        209,
                        210,
                        211,
                        212,
                        213,
                        214,
                        215,
                        216,
                        217,
                        218,
                        219,
                        220,
                        221,
                        222,
                        223,
                        224,
                        225,
                        226,
                        227,
                        228,
                        229,
                        230,
                        231,
                        232,
                        233,
                        234,
                        235,
                        236,
                        237,
                        238,
                        239,
                        240,
                        241,
                        242,
                        243,
                        244,
                        245,
                        246,
                        247,
                        248,
                        249,
                        250,
                        251,
                        252,
                        253,
                        254,
                        255,
                        256,
                        257,
                        258,
                        259,
                        260,
                        261,
                        262,
                        263,
                        264,
                        265,
                        266,
                        267,
                        268,
                        269,
                        270,
                        271,
                        272,
                        273,
                        274,
                        275,
                        276,
                        277,
                        278,
                        279,
                        280,
                        281,
                        282,
                        283,
                        284,
                        285,
                        286,
                        287,
                        288,
                        289,
                        290,
                        291,
                        292,
                        293,
                        294,
                        295,
                        296,
                        297,
                        298,
                        299,
                        300,
                        301,
                        302,
                        303,
                        304,
                        305,
                        306,
                        307,
                        308,
                        309,
                        310,
                        311,
                        312,
                        313,
                        314,
                        315,
                        316,
                        317,
                        318,
                        319,
                        320,
                        321,
                        322,
                        323,
                        324,
                        325,
                        326,
                        327,
                        328,
                        329,
                        330,
                        331,
                        332,
                        333,
                        334,
                        335,
                        336,
                        337,
                        338,
                        339,
                        340,
                        341,
                        342,
                        343,
                        344,
                        345,
                        346,
                        347,
                        348,
                        349,
                        350,
                        351,
                        352,
                        353,
                        354,
                        355,
                        356,
                        357,
                        358,
                        359,
                        360,
                        361,
                        362,
                        363,
                        364,
                        365,
                        366,
                        367,
                        368,
                        369,
                        370,
                        371,
                        372,
                        373,
                        374,
                        375,
                        376,
                        377,
                        378,
                        379,
                        380,
                        381,
                        382,
                        383,
                        384,
                        385,
                        386,
                        387,
                        388,
                        389,
                        390,
                        391,
                        392,
                        393,
                        394,
                        395,
                        396,
                        397,
                        398,
                        399,
                        400,
                        401,
                        402,
                        403,
                        404,
                        405,
                        406,
                        407,
                        408,
                        409,
                        410,
                        411,
                        412,
                        413,
                        414,
                        415,
                        416,
                        417,
                        418,
                        419,
                        420,
                        421,
                        422,
                        423,
                        424,
                        425,
                        426,
                        427,
                        428,
                        429,
                        430,
                        431,
                        432,
                        433,
                        434,
                        435,
                        436,
                        437,
                        438
                      ],
                      "starting_column": 1,
                      "ending_column": 0
                    }
                  },
                  "signature": "constructor()"
                }
              }
            }
          },
          {
            "type": "contract",
            "name": "ALIENTOKEN",
            "source_mapping": {
              "start": 2847,
              "length": 4735,
              "filename_relative": "ALIENTOKEN.sol",
              "filename_absolute": "C:\\Users\\20520\\Blockchain-Smart-Contract-Security\\get_source\\dataset\\ALIENTOKEN.sol",
              "filename_short": "ALIENTOKEN.sol",
              "is_dependency": false,
              "lines": [
                189,
                190,
                191,
                192,
                193,
                194,
                195,
                196,
                197,
                198,
                199,
                200,
                201,
                202,
                203,
                204,
                205,
                206,
                207,
                208,
                209,
                210,
                211,
                212,
                213,
                214,
                215,
                216,
                217,
                218,
                219,
                220,
                221,
                222,
                223,
                224,
                225,
                226,
                227,
                228,
                229,
                230,
                231,
                232,
                233,
                234,
                235,
                236,
                237,
                238,
                239,
                240,
                241,
                242,
                243,
                244,
                245,
                246,
                247,
                248,
                249,
                250,
                251,
                252,
                253,
                254,
                255,
                256,
                257,
                258,
                259,
                260,
                261,
                262,
                263,
                264,
                265,
                266,
                267,
                268,
                269,
                270,
                271,
                272,
                273,
                274,
                275,
                276,
                277,
                278,
                279,
                280,
                281,
                282,
                283,
                284,
                285,
                286,
                287,
                288,
                289,
                290,
                291,
                292,
                293,
                294,
                295,
                296,
                297,
                298,
                299,
                300,
                301,
                302,
                303,
                304,
                305,
                306,
                307,
                308,
                309,
                310,
                311,
                312,
                313,
                314,
                315,
                316,
                317,
                318,
                319,
                320,
                321,
                322,
                323,
                324,
                325,
                326,
                327,
                328,
                329,
                330,
                331,
                332,
                333,
                334,
                335,
                336,
                337,
                338,
                339,
                340,
                341,
                342,
                343,
                344,
                345,
                346,
                347,
                348,
                349,
                350,
                351,
                352,
                353,
                354,
                355,
                356,
                357,
                358,
                359,
                360,
                361,
                362,
                363,
                364,
                365,
                366,
                367,
                368,
                369,
                370,
                371,
                372,
                373,
                374,
                375,
                376,
                377,
                378,
                379,
                380,
                381,
                382,
                383,
                384,
                385,
                386,
                387,
                388,
                389,
                390,
                391,
                392,
                393,
                394,
                395,
                396,
                397,
                398,
                399,
                400,
                401,
                402,
                403,
                404,
                405,
                406,
                407,
                408,
                409,
                410,
                411,
                412,
                413,
                414,
                415,
                416,
                417,
                418,
                419,
                420,
                421,
                422,
                423,
                424,
                425,
                426,
                427,
                428,
                429,
                430,
                431,
                432,
                433,
                434,
                435,
                436,
                437,
                438
              ],
              "starting_column": 1,
              "ending_column": 0
            }
          }
        ],
        "description": "Redundant expression \"_totalSupply (ALIENTOKEN.sol#215)\" inALIENTOKEN (ALIENTOKEN.sol#189-438)\n",
        "markdown": "Redundant expression \"[_totalSupply](ALIENTOKEN.sol#L215)\" in[ALIENTOKEN](ALIENTOKEN.sol#L189-L438)\n",
        "first_markdown_element": "ALIENTOKEN.sol#L215",
        "id": "b80977bb201bad01f8dd5ba494d7c30341dfa1b2490cfa8b32cb188b459d7291",
        "check": "redundant-statements",
        "impact": "Informational",
        "confidence": "High"
      },
      {
        "elements": [
          {
            "type": "node",
            "name": "this",
            "source_mapping": {
              "start": 1383,
              "length": 4,
              "filename_relative": "ALIENTOKEN.sol",
              "filename_absolute": "C:\\Users\\20520\\Blockchain-Smart-Contract-Security\\get_source\\dataset\\ALIENTOKEN.sol",
              "filename_short": "ALIENTOKEN.sol",
              "is_dependency": false,
              "lines": [
                89
              ],
              "starting_column": 9,
              "ending_column": 13
            },
            "type_specific_fields": {
              "parent": {
                "type": "function",
                "name": "_msgData",
                "source_mapping": {
                  "start": 1304,
                  "length": 238,
                  "filename_relative": "ALIENTOKEN.sol",
                  "filename_absolute": "C:\\Users\\20520\\Blockchain-Smart-Contract-Security\\get_source\\dataset\\ALIENTOKEN.sol",
                  "filename_short": "ALIENTOKEN.sol",
                  "is_dependency": false,
                  "lines": [
                    87,
                    88,
                    89,
                    90,
                    91,
                    92,
                    93
                  ],
                  "starting_column": 5,
                  "ending_column": 6
                },
                "type_specific_fields": {
                  "parent": {
                    "type": "contract",
                    "name": "Context",
                    "source_mapping": {
                      "start": 1160,
                      "length": 386,
                      "filename_relative": "ALIENTOKEN.sol",
                      "filename_absolute": "C:\\Users\\20520\\Blockchain-Smart-Contract-Security\\get_source\\dataset\\ALIENTOKEN.sol",
                      "filename_short": "ALIENTOKEN.sol",
                      "is_dependency": false,
                      "lines": [
                        77,
                        78,
                        79,
                        80,
                        81,
                        82,
                        83,
                        84,
                        85,
                        86,
                        87,
                        88,
                        89,
                        90,
                        91,
                        92,
                        93,
                        94,
                        95
                      ],
                      "starting_column": 1,
                      "ending_column": 2
                    }
                  },
                  "signature": "_msgData()"
                }
              }
            }
          },
          {
            "type": "contract",
            "name": "Context",
            "source_mapping": {
              "start": 1160,
              "length": 386,
              "filename_relative": "ALIENTOKEN.sol",
              "filename_absolute": "C:\\Users\\20520\\Blockchain-Smart-Contract-Security\\get_source\\dataset\\ALIENTOKEN.sol",
              "filename_short": "ALIENTOKEN.sol",
              "is_dependency": false,
              "lines": [
                77,
                78,
                79,
                80,
                81,
                82,
                83,
                84,
                85,
                86,
                87,
                88,
                89,
                90,
                91,
                92,
                93,
                94,
                95
              ],
              "starting_column": 1,
              "ending_column": 2
            }
          }
        ],
        "description": "Redundant expression \"this (ALIENTOKEN.sol#89)\" inContext (ALIENTOKEN.sol#77-95)\n",
        "markdown": "Redundant expression \"[this](ALIENTOKEN.sol#L89)\" in[Context](ALIENTOKEN.sol#L77-L95)\n",
        "first_markdown_element": "ALIENTOKEN.sol#L89",
        "id": "e0f9e470c752d8b556c05d4d66e8bc473d5aebf8fab66e7059218797f68c7fc6",
        "check": "redundant-statements",
        "impact": "Informational",
        "confidence": "High"
      },
      {
        "elements": [
          {
            "type": "variable",
            "name": "_name",
            "source_mapping": {
              "start": 3094,
              "length": 20,
              "filename_relative": "ALIENTOKEN.sol",
              "filename_absolute": "C:\\Users\\20520\\Blockchain-Smart-Contract-Security\\get_source\\dataset\\ALIENTOKEN.sol",
              "filename_short": "ALIENTOKEN.sol",
              "is_dependency": false,
              "lines": [
                203
              ],
              "starting_column": 5,
              "ending_column": 25
            },
            "type_specific_fields": {
              "parent": {
                "type": "contract",
                "name": "ALIENTOKEN",
                "source_mapping": {
                  "start": 2847,
                  "length": 4735,
                  "filename_relative": "ALIENTOKEN.sol",
                  "filename_absolute": "C:\\Users\\20520\\Blockchain-Smart-Contract-Security\\get_source\\dataset\\ALIENTOKEN.sol",
                  "filename_short": "ALIENTOKEN.sol",
                  "is_dependency": false,
                  "lines": [
                    189,
                    190,
                    191,
                    192,
                    193,
                    194,
                    195,
                    196,
                    197,
                    198,
                    199,
                    200,
                    201,
                    202,
                    203,
                    204,
                    205,
                    206,
                    207,
                    208,
                    209,
                    210,
                    211,
                    212,
                    213,
                    214,
                    215,
                    216,
                    217,
                    218,
                    219,
                    220,
                    221,
                    222,
                    223,
                    224,
                    225,
                    226,
                    227,
                    228,
                    229,
                    230,
                    231,
                    232,
                    233,
                    234,
                    235,
                    236,
                    237,
                    238,
                    239,
                    240,
                    241,
                    242,
                    243,
                    244,
                    245,
                    246,
                    247,
                    248,
                    249,
                    250,
                    251,
                    252,
                    253,
                    254,
                    255,
                    256,
                    257,
                    258,
                    259,
                    260,
                    261,
                    262,
                    263,
                    264,
                    265,
                    266,
                    267,
                    268,
                    269,
                    270,
                    271,
                    272,
                    273,
                    274,
                    275,
                    276,
                    277,
                    278,
                    279,
                    280,
                    281,
                    282,
                    283,
                    284,
                    285,
                    286,
                    287,
                    288,
                    289,
                    290,
                    291,
                    292,
                    293,
                    294,
                    295,
                    296,
                    297,
                    298,
                    299,
                    300,
                    301,
                    302,
                    303,
                    304,
                    305,
                    306,
                    307,
                    308,
                    309,
                    310,
                    311,
                    312,
                    313,
                    314,
                    315,
                    316,
                    317,
                    318,
                    319,
                    320,
                    321,
                    322,
                    323,
                    324,
                    325,
                    326,
                    327,
                    328,
                    329,
                    330,
                    331,
                    332,
                    333,
                    334,
                    335,
                    336,
                    337,
                    338,
                    339,
                    340,
                    341,
                    342,
                    343,
                    344,
                    345,
                    346,
                    347,
                    348,
                    349,
                    350,
                    351,
                    352,
                    353,
                    354,
                    355,
                    356,
                    357,
                    358,
                    359,
                    360,
                    361,
                    362,
                    363,
                    364,
                    365,
                    366,
                    367,
                    368,
                    369,
                    370,
                    371,
                    372,
                    373,
                    374,
                    375,
                    376,
                    377,
                    378,
                    379,
                    380,
                    381,
                    382,
                    383,
                    384,
                    385,
                    386,
                    387,
                    388,
                    389,
                    390,
                    391,
                    392,
                    393,
                    394,
                    395,
                    396,
                    397,
                    398,
                    399,
                    400,
                    401,
                    402,
                    403,
                    404,
                    405,
                    406,
                    407,
                    408,
                    409,
                    410,
                    411,
                    412,
                    413,
                    414,
                    415,
                    416,
                    417,
                    418,
                    419,
                    420,
                    421,
                    422,
                    423,
                    424,
                    425,
                    426,
                    427,
                    428,
                    429,
                    430,
                    431,
                    432,
                    433,
                    434,
                    435,
                    436,
                    437,
                    438
                  ],
                  "starting_column": 1,
                  "ending_column": 0
                }
              }
            }
          }
        ],
        "description": "ALIENTOKEN._name (ALIENTOKEN.sol#203) should be immutable \n",
        "markdown": "[ALIENTOKEN._name](ALIENTOKEN.sol#L203) should be immutable \n",
        "first_markdown_element": "ALIENTOKEN.sol#L203",
        "id": "7369207497ac0bb71d6834b98a79a44a53728f1a0ba3586bd791db332c02fa0e",
        "check": "immutable-states",
        "impact": "Optimization",
        "confidence": "High"
      },
      {
        "elements": [
          {
            "type": "variable",
            "name": "_symbol",
            "source_mapping": {
              "start": 3122,
              "length": 22,
              "filename_relative": "ALIENTOKEN.sol",
              "filename_absolute": "C:\\Users\\20520\\Blockchain-Smart-Contract-Security\\get_source\\dataset\\ALIENTOKEN.sol",
              "filename_short": "ALIENTOKEN.sol",
              "is_dependency": false,
              "lines": [
                205
              ],
              "starting_column": 5,
              "ending_column": 27
            },
            "type_specific_fields": {
              "parent": {
                "type": "contract",
                "name": "ALIENTOKEN",
                "source_mapping": {
                  "start": 2847,
                  "length": 4735,
                  "filename_relative": "ALIENTOKEN.sol",
                  "filename_absolute": "C:\\Users\\20520\\Blockchain-Smart-Contract-Security\\get_source\\dataset\\ALIENTOKEN.sol",
                  "filename_short": "ALIENTOKEN.sol",
                  "is_dependency": false,
                  "lines": [
                    189,
                    190,
                    191,
                    192,
                    193,
                    194,
                    195,
                    196,
                    197,
                    198,
                    199,
                    200,
                    201,
                    202,
                    203,
                    204,
                    205,
                    206,
                    207,
                    208,
                    209,
                    210,
                    211,
                    212,
                    213,
                    214,
                    215,
                    216,
                    217,
                    218,
                    219,
                    220,
                    221,
                    222,
                    223,
                    224,
                    225,
                    226,
                    227,
                    228,
                    229,
                    230,
                    231,
                    232,
                    233,
                    234,
                    235,
                    236,
                    237,
                    238,
                    239,
                    240,
                    241,
                    242,
                    243,
                    244,
                    245,
                    246,
                    247,
                    248,
                    249,
                    250,
                    251,
                    252,
                    253,
                    254,
                    255,
                    256,
                    257,
                    258,
                    259,
                    260,
                    261,
                    262,
                    263,
                    264,
                    265,
                    266,
                    267,
                    268,
                    269,
                    270,
                    271,
                    272,
                    273,
                    274,
                    275,
                    276,
                    277,
                    278,
                    279,
                    280,
                    281,
                    282,
                    283,
                    284,
                    285,
                    286,
                    287,
                    288,
                    289,
                    290,
                    291,
                    292,
                    293,
                    294,
                    295,
                    296,
                    297,
                    298,
                    299,
                    300,
                    301,
                    302,
                    303,
                    304,
                    305,
                    306,
                    307,
                    308,
                    309,
                    310,
                    311,
                    312,
                    313,
                    314,
                    315,
                    316,
                    317,
                    318,
                    319,
                    320,
                    321,
                    322,
                    323,
                    324,
                    325,
                    326,
                    327,
                    328,
                    329,
                    330,
                    331,
                    332,
                    333,
                    334,
                    335,
                    336,
                    337,
                    338,
                    339,
                    340,
                    341,
                    342,
                    343,
                    344,
                    345,
                    346,
                    347,
                    348,
                    349,
                    350,
                    351,
                    352,
                    353,
                    354,
                    355,
                    356,
                    357,
                    358,
                    359,
                    360,
                    361,
                    362,
                    363,
                    364,
                    365,
                    366,
                    367,
                    368,
                    369,
                    370,
                    371,
                    372,
                    373,
                    374,
                    375,
                    376,
                    377,
                    378,
                    379,
                    380,
                    381,
                    382,
                    383,
                    384,
                    385,
                    386,
                    387,
                    388,
                    389,
                    390,
                    391,
                    392,
                    393,
                    394,
                    395,
                    396,
                    397,
                    398,
                    399,
                    400,
                    401,
                    402,
                    403,
                    404,
                    405,
                    406,
                    407,
                    408,
                    409,
                    410,
                    411,
                    412,
                    413,
                    414,
                    415,
                    416,
                    417,
                    418,
                    419,
                    420,
                    421,
                    422,
                    423,
                    424,
                    425,
                    426,
                    427,
                    428,
                    429,
                    430,
                    431,
                    432,
                    433,
                    434,
                    435,
                    436,
                    437,
                    438
                  ],
                  "starting_column": 1,
                  "ending_column": 0
                }
              }
            }
          }
        ],
        "description": "ALIENTOKEN._symbol (ALIENTOKEN.sol#205) should be immutable \n",
        "markdown": "[ALIENTOKEN._symbol](ALIENTOKEN.sol#L205) should be immutable \n",
        "first_markdown_element": "ALIENTOKEN.sol#L205",
        "id": "80bd0cb4a2c7e45548f4b0acfbce2f7431991a75ef312e23fa961e88e6fdd3b1",
        "check": "immutable-states",
        "impact": "Optimization",
        "confidence": "High"
      }
    ]
  }
}