{
  "success": true,
  "error": null,
  "results": {
    "detectors": [
      {
        "elements": [
          {
            "type": "variable",
            "name": "_totalSupply",
            "source_mapping": {
              "start": 16080,
              "length": 49,
              "filename_relative": "Alpha.sol",
              "filename_absolute": "C:\\Users\\20520\\Blockchain-Smart-Contract-Security\\get_source\\dataset\\Alpha.sol",
              "filename_short": "Alpha.sol",
              "is_dependency": false,
              "lines": [
                919
              ],
              "starting_column": 5,
              "ending_column": 54
            },
            "type_specific_fields": {
              "parent": {
                "type": "contract",
                "name": "Alpha",
                "source_mapping": {
                  "start": 16002,
                  "length": 498,
                  "filename_relative": "Alpha.sol",
                  "filename_absolute": "C:\\Users\\20520\\Blockchain-Smart-Contract-Security\\get_source\\dataset\\Alpha.sol",
                  "filename_short": "Alpha.sol",
                  "is_dependency": false,
                  "lines": [
                    915,
                    916,
                    917,
                    918,
                    919,
                    920,
                    921,
                    922,
                    923,
                    924,
                    925,
                    926,
                    927,
                    928,
                    929,
                    930,
                    931,
                    932,
                    933,
                    934,
                    935,
                    936,
                    937,
                    938,
                    939,
                    940,
                    941,
                    942,
                    943,
                    944,
                    945,
                    946
                  ],
                  "starting_column": 1,
                  "ending_column": 0
                }
              }
            }
          },
          {
            "type": "variable",
            "name": "_totalSupply",
            "source_mapping": {
              "start": 6128,
              "length": 28,
              "filename_relative": "Alpha.sol",
              "filename_absolute": "C:\\Users\\20520\\Blockchain-Smart-Contract-Security\\get_source\\dataset\\Alpha.sol",
              "filename_short": "Alpha.sol",
              "is_dependency": false,
              "lines": [
                357
              ],
              "starting_column": 5,
              "ending_column": 33
            },
            "type_specific_fields": {
              "parent": {
                "type": "contract",
                "name": "ERC20",
                "source_mapping": {
                  "start": 5933,
                  "length": 9821,
                  "filename_relative": "Alpha.sol",
                  "filename_absolute": "C:\\Users\\20520\\Blockchain-Smart-Contract-Security\\get_source\\dataset\\Alpha.sol",
                  "filename_short": "Alpha.sol",
                  "is_dependency": false,
                  "lines": [
                    347,
                    348,
                    349,
                    350,
                    351,
                    352,
                    353,
                    354,
                    355,
                    356,
                    357,
                    358,
                    359,
                    360,
                    361,
                    362,
                    363,
                    364,
                    365,
                    366,
                    367,
                    368,
                    369,
                    370,
                    371,
                    372,
                    373,
                    374,
                    375,
                    376,
                    377,
                    378,
                    379,
                    380,
                    381,
                    382,
                    383,
                    384,
                    385,
                    386,
                    387,
                    388,
                    389,
                    390,
                    391,
                    392,
                    393,
                    394,
                    395,
                    396,
                    397,
                    398,
                    399,
                    400,
                    401,
                    402,
                    403,
                    404,
                    405,
                    406,
                    407,
                    408,
                    409,
                    410,
                    411,
                    412,
                    413,
                    414,
                    415,
                    416,
                    417,
                    418,
                    419,
                    420,
                    421,
                    422,
                    423,
                    424,
                    425,
                    426,
                    427,
                    428,
                    429,
                    430,
                    431,
                    432,
                    433,
                    434,
                    435,
                    436,
                    437,
                    438,
                    439,
                    440,
                    441,
                    442,
                    443,
                    444,
                    445,
                    446,
                    447,
                    448,
                    449,
                    450,
                    451,
                    452,
                    453,
                    454,
                    455,
                    456,
                    457,
                    458,
                    459,
                    460,
                    461,
                    462,
                    463,
                    464,
                    465,
                    466,
                    467,
                    468,
                    469,
                    470,
                    471,
                    472,
                    473,
                    474,
                    475,
                    476,
                    477,
                    478,
                    479,
                    480,
                    481,
                    482,
                    483,
                    484,
                    485,
                    486,
                    487,
                    488,
                    489,
                    490,
                    491,
                    492,
                    493,
                    494,
                    495,
                    496,
                    497,
                    498,
                    499,
                    500,
                    501,
                    502,
                    503,
                    504,
                    505,
                    506,
                    507,
                    508,
                    509,
                    510,
                    511,
                    512,
                    513,
                    514,
                    515,
                    516,
                    517,
                    518,
                    519,
                    520,
                    521,
                    522,
                    523,
                    524,
                    525,
                    526,
                    527,
                    528,
                    529,
                    530,
                    531,
                    532,
                    533,
                    534,
                    535,
                    536,
                    537,
                    538,
                    539,
                    540,
                    541,
                    542,
                    543,
                    544,
                    545,
                    546,
                    547,
                    548,
                    549,
                    550,
                    551,
                    552,
                    553,
                    554,
                    555,
                    556,
                    557,
                    558,
                    559,
                    560,
                    561,
                    562,
                    563,
                    564,
                    565,
                    566,
                    567,
                    568,
                    569,
                    570,
                    571,
                    572,
                    573,
                    574,
                    575,
                    576,
                    577,
                    578,
                    579,
                    580,
                    581,
                    582,
                    583,
                    584,
                    585,
                    586,
                    587,
                    588,
                    589,
                    590,
                    591,
                    592,
                    593,
                    594,
                    595,
                    596,
                    597,
                    598,
                    599,
                    600,
                    601,
                    602,
                    603,
                    604,
                    605,
                    606,
                    607,
                    608,
                    609,
                    610,
                    611,
                    612,
                    613,
                    614,
                    615,
                    616,
                    617,
                    618,
                    619,
                    620,
                    621,
                    622,
                    623,
                    624,
                    625,
                    626,
                    627,
                    628,
                    629,
                    630,
                    631,
                    632,
                    633,
                    634,
                    635,
                    636,
                    637,
                    638,
                    639,
                    640,
                    641,
                    642,
                    643,
                    644,
                    645,
                    646,
                    647,
                    648,
                    649,
                    650,
                    651,
                    652,
                    653,
                    654,
                    655,
                    656,
                    657,
                    658,
                    659,
                    660,
                    661,
                    662,
                    663,
                    664,
                    665,
                    666,
                    667,
                    668,
                    669,
                    670,
                    671,
                    672,
                    673,
                    674,
                    675,
                    676,
                    677,
                    678,
                    679,
                    680,
                    681,
                    682,
                    683,
                    684,
                    685,
                    686,
                    687,
                    688,
                    689,
                    690,
                    691,
                    692,
                    693,
                    694,
                    695,
                    696,
                    697,
                    698,
                    699,
                    700,
                    701,
                    702,
                    703,
                    704,
                    705,
                    706,
                    707,
                    708,
                    709,
                    710,
                    711,
                    712,
                    713,
                    714,
                    715,
                    716,
                    717,
                    718,
                    719,
                    720,
                    721,
                    722,
                    723,
                    724,
                    725,
                    726,
                    727,
                    728,
                    729,
                    730,
                    731,
                    732,
                    733,
                    734,
                    735,
                    736,
                    737,
                    738,
                    739,
                    740,
                    741,
                    742,
                    743,
                    744,
                    745,
                    746,
                    747,
                    748,
                    749,
                    750,
                    751,
                    752,
                    753,
                    754,
                    755,
                    756,
                    757,
                    758,
                    759,
                    760,
                    761,
                    762,
                    763,
                    764,
                    765,
                    766,
                    767,
                    768,
                    769,
                    770,
                    771,
                    772,
                    773,
                    774,
                    775,
                    776,
                    777,
                    778,
                    779,
                    780,
                    781,
                    782,
                    783,
                    784,
                    785,
                    786,
                    787,
                    788,
                    789,
                    790,
                    791,
                    792,
                    793,
                    794,
                    795,
                    796,
                    797,
                    798,
                    799,
                    800,
                    801,
                    802,
                    803,
                    804,
                    805,
                    806,
                    807,
                    808,
                    809,
                    810,
                    811,
                    812,
                    813,
                    814,
                    815,
                    816,
                    817,
                    818,
                    819,
                    820,
                    821,
                    822,
                    823,
                    824,
                    825,
                    826,
                    827,
                    828,
                    829,
                    830,
                    831,
                    832,
                    833,
                    834,
                    835,
                    836,
                    837,
                    838,
                    839,
                    840,
                    841,
                    842,
                    843,
                    844,
                    845,
                    846,
                    847,
                    848,
                    849,
                    850,
                    851,
                    852,
                    853,
                    854,
                    855,
                    856,
                    857,
                    858,
                    859,
                    860,
                    861,
                    862,
                    863,
                    864,
                    865,
                    866,
                    867,
                    868,
                    869,
                    870,
                    871,
                    872,
                    873,
                    874,
                    875,
                    876,
                    877,
                    878,
                    879,
                    880,
                    881,
                    882,
                    883,
                    884,
                    885,
                    886,
                    887,
                    888,
                    889
                  ],
                  "starting_column": 1,
                  "ending_column": 2
                }
              }
            }
          }
        ],
        "description": "Alpha._totalSupply (Alpha.sol#919) shadows:\n\t- ERC20._totalSupply (Alpha.sol#357)\n",
        "markdown": "[Alpha._totalSupply](Alpha.sol#L919) shadows:\n\t- [ERC20._totalSupply](Alpha.sol#L357)\n",
        "first_markdown_element": "Alpha.sol#L919",
        "id": "3718dfb3122e79d1365a9ba7760124b9ddc0d6858ec00489c5c983552056e782",
        "check": "shadowing-state",
        "impact": "High",
        "confidence": "High"
      },
      {
        "elements": [
          {
            "type": "function",
            "name": "_burn",
            "source_mapping": {
              "start": 13729,
              "length": 505,
              "filename_relative": "Alpha.sol",
              "filename_absolute": "C:\\Users\\20520\\Blockchain-Smart-Contract-Security\\get_source\\dataset\\Alpha.sol",
              "filename_short": "Alpha.sol",
              "is_dependency": false,
              "lines": [
                791,
                792,
                793,
                794,
                795,
                796,
                797,
                798,
                799,
                800,
                801,
                802,
                803,
                804,
                805,
                806,
                807,
                808,
                809,
                810,
                811,
                812,
                813
              ],
              "starting_column": 5,
              "ending_column": 6
            },
            "type_specific_fields": {
              "parent": {
                "type": "contract",
                "name": "ERC20",
                "source_mapping": {
                  "start": 5933,
                  "length": 9821,
                  "filename_relative": "Alpha.sol",
                  "filename_absolute": "C:\\Users\\20520\\Blockchain-Smart-Contract-Security\\get_source\\dataset\\Alpha.sol",
                  "filename_short": "Alpha.sol",
                  "is_dependency": false,
                  "lines": [
                    347,
                    348,
                    349,
                    350,
                    351,
                    352,
                    353,
                    354,
                    355,
                    356,
                    357,
                    358,
                    359,
                    360,
                    361,
                    362,
                    363,
                    364,
                    365,
                    366,
                    367,
                    368,
                    369,
                    370,
                    371,
                    372,
                    373,
                    374,
                    375,
                    376,
                    377,
                    378,
                    379,
                    380,
                    381,
                    382,
                    383,
                    384,
                    385,
                    386,
                    387,
                    388,
                    389,
                    390,
                    391,
                    392,
                    393,
                    394,
                    395,
                    396,
                    397,
                    398,
                    399,
                    400,
                    401,
                    402,
                    403,
                    404,
                    405,
                    406,
                    407,
                    408,
                    409,
                    410,
                    411,
                    412,
                    413,
                    414,
                    415,
                    416,
                    417,
                    418,
                    419,
                    420,
                    421,
                    422,
                    423,
                    424,
                    425,
                    426,
                    427,
                    428,
                    429,
                    430,
                    431,
                    432,
                    433,
                    434,
                    435,
                    436,
                    437,
                    438,
                    439,
                    440,
                    441,
                    442,
                    443,
                    444,
                    445,
                    446,
                    447,
                    448,
                    449,
                    450,
                    451,
                    452,
                    453,
                    454,
                    455,
                    456,
                    457,
                    458,
                    459,
                    460,
                    461,
                    462,
                    463,
                    464,
                    465,
                    466,
                    467,
                    468,
                    469,
                    470,
                    471,
                    472,
                    473,
                    474,
                    475,
                    476,
                    477,
                    478,
                    479,
                    480,
                    481,
                    482,
                    483,
                    484,
                    485,
                    486,
                    487,
                    488,
                    489,
                    490,
                    491,
                    492,
                    493,
                    494,
                    495,
                    496,
                    497,
                    498,
                    499,
                    500,
                    501,
                    502,
                    503,
                    504,
                    505,
                    506,
                    507,
                    508,
                    509,
                    510,
                    511,
                    512,
                    513,
                    514,
                    515,
                    516,
                    517,
                    518,
                    519,
                    520,
                    521,
                    522,
                    523,
                    524,
                    525,
                    526,
                    527,
                    528,
                    529,
                    530,
                    531,
                    532,
                    533,
                    534,
                    535,
                    536,
                    537,
                    538,
                    539,
                    540,
                    541,
                    542,
                    543,
                    544,
                    545,
                    546,
                    547,
                    548,
                    549,
                    550,
                    551,
                    552,
                    553,
                    554,
                    555,
                    556,
                    557,
                    558,
                    559,
                    560,
                    561,
                    562,
                    563,
                    564,
                    565,
                    566,
                    567,
                    568,
                    569,
                    570,
                    571,
                    572,
                    573,
                    574,
                    575,
                    576,
                    577,
                    578,
                    579,
                    580,
                    581,
                    582,
                    583,
                    584,
                    585,
                    586,
                    587,
                    588,
                    589,
                    590,
                    591,
                    592,
                    593,
                    594,
                    595,
                    596,
                    597,
                    598,
                    599,
                    600,
                    601,
                    602,
                    603,
                    604,
                    605,
                    606,
                    607,
                    608,
                    609,
                    610,
                    611,
                    612,
                    613,
                    614,
                    615,
                    616,
                    617,
                    618,
                    619,
                    620,
                    621,
                    622,
                    623,
                    624,
                    625,
                    626,
                    627,
                    628,
                    629,
                    630,
                    631,
                    632,
                    633,
                    634,
                    635,
                    636,
                    637,
                    638,
                    639,
                    640,
                    641,
                    642,
                    643,
                    644,
                    645,
                    646,
                    647,
                    648,
                    649,
                    650,
                    651,
                    652,
                    653,
                    654,
                    655,
                    656,
                    657,
                    658,
                    659,
                    660,
                    661,
                    662,
                    663,
                    664,
                    665,
                    666,
                    667,
                    668,
                    669,
                    670,
                    671,
                    672,
                    673,
                    674,
                    675,
                    676,
                    677,
                    678,
                    679,
                    680,
                    681,
                    682,
                    683,
                    684,
                    685,
                    686,
                    687,
                    688,
                    689,
                    690,
                    691,
                    692,
                    693,
                    694,
                    695,
                    696,
                    697,
                    698,
                    699,
                    700,
                    701,
                    702,
                    703,
                    704,
                    705,
                    706,
                    707,
                    708,
                    709,
                    710,
                    711,
                    712,
                    713,
                    714,
                    715,
                    716,
                    717,
                    718,
                    719,
                    720,
                    721,
                    722,
                    723,
                    724,
                    725,
                    726,
                    727,
                    728,
                    729,
                    730,
                    731,
                    732,
                    733,
                    734,
                    735,
                    736,
                    737,
                    738,
                    739,
                    740,
                    741,
                    742,
                    743,
                    744,
                    745,
                    746,
                    747,
                    748,
                    749,
                    750,
                    751,
                    752,
                    753,
                    754,
                    755,
                    756,
                    757,
                    758,
                    759,
                    760,
                    761,
                    762,
                    763,
                    764,
                    765,
                    766,
                    767,
                    768,
                    769,
                    770,
                    771,
                    772,
                    773,
                    774,
                    775,
                    776,
                    777,
                    778,
                    779,
                    780,
                    781,
                    782,
                    783,
                    784,
                    785,
                    786,
                    787,
                    788,
                    789,
                    790,
                    791,
                    792,
                    793,
                    794,
                    795,
                    796,
                    797,
                    798,
                    799,
                    800,
                    801,
                    802,
                    803,
                    804,
                    805,
                    806,
                    807,
                    808,
                    809,
                    810,
                    811,
                    812,
                    813,
                    814,
                    815,
                    816,
                    817,
                    818,
                    819,
                    820,
                    821,
                    822,
                    823,
                    824,
                    825,
                    826,
                    827,
                    828,
                    829,
                    830,
                    831,
                    832,
                    833,
                    834,
                    835,
                    836,
                    837,
                    838,
                    839,
                    840,
                    841,
                    842,
                    843,
                    844,
                    845,
                    846,
                    847,
                    848,
                    849,
                    850,
                    851,
                    852,
                    853,
                    854,
                    855,
                    856,
                    857,
                    858,
                    859,
                    860,
                    861,
                    862,
                    863,
                    864,
                    865,
                    866,
                    867,
                    868,
                    869,
                    870,
                    871,
                    872,
                    873,
                    874,
                    875,
                    876,
                    877,
                    878,
                    879,
                    880,
                    881,
                    882,
                    883,
                    884,
                    885,
                    886,
                    887,
                    888,
                    889
                  ],
                  "starting_column": 1,
                  "ending_column": 2
                }
              },
              "signature": "_burn(address,uint256)"
            }
          }
        ],
        "description": "ERC20._burn(address,uint256) (Alpha.sol#791-813) is never used and should be removed\n",
        "markdown": "[ERC20._burn(address,uint256)](Alpha.sol#L791-L813) is never used and should be removed\n",
        "first_markdown_element": "Alpha.sol#L791-L813",
        "id": "70b4280aa93f6eb2c97f92406a75cd9ba30bac85d7bf7a71e8eb4369d74cc422",
        "check": "dead-code",
        "impact": "Informational",
        "confidence": "Medium"
      },
      {
        "elements": [
          {
            "type": "function",
            "name": "_msgData",
            "source_mapping": {
              "start": 4370,
              "length": 238,
              "filename_relative": "Alpha.sol",
              "filename_absolute": "C:\\Users\\20520\\Blockchain-Smart-Contract-Security\\get_source\\dataset\\Alpha.sol",
              "filename_short": "Alpha.sol",
              "is_dependency": false,
              "lines": [
                269,
                270,
                271,
                272,
                273,
                274,
                275
              ],
              "starting_column": 5,
              "ending_column": 6
            },
            "type_specific_fields": {
              "parent": {
                "type": "contract",
                "name": "Context",
                "source_mapping": {
                  "start": 4226,
                  "length": 386,
                  "filename_relative": "Alpha.sol",
                  "filename_absolute": "C:\\Users\\20520\\Blockchain-Smart-Contract-Security\\get_source\\dataset\\Alpha.sol",
                  "filename_short": "Alpha.sol",
                  "is_dependency": false,
                  "lines": [
                    259,
                    260,
                    261,
                    262,
                    263,
                    264,
                    265,
                    266,
                    267,
                    268,
                    269,
                    270,
                    271,
                    272,
                    273,
                    274,
                    275,
                    276,
                    277
                  ],
                  "starting_column": 1,
                  "ending_column": 2
                }
              },
              "signature": "_msgData()"
            }
          }
        ],
        "description": "Context._msgData() (Alpha.sol#269-275) is never used and should be removed\n",
        "markdown": "[Context._msgData()](Alpha.sol#L269-L275) is never used and should be removed\n",
        "first_markdown_element": "Alpha.sol#L269-L275",
        "id": "93bd23634a3bf022810e43138345cf58db61248a704a7d277c8ec3d68c3ad188",
        "check": "dead-code",
        "impact": "Informational",
        "confidence": "Medium"
      },
      {
        "elements": [
          {
            "type": "pragma",
            "name": "^0.8.6",
            "source_mapping": {
              "start": 15831,
              "length": 23,
              "filename_relative": "Alpha.sol",
              "filename_absolute": "C:\\Users\\20520\\Blockchain-Smart-Contract-Security\\get_source\\dataset\\Alpha.sol",
              "filename_short": "Alpha.sol",
              "is_dependency": false,
              "lines": [
                901
              ],
              "starting_column": 1,
              "ending_column": 24
            },
            "type_specific_fields": {
              "directive": [
                "solidity",
                "^",
                "0.8",
                ".6"
              ]
            }
          }
        ],
        "description": "Pragma version^0.8.6 (Alpha.sol#901) allows old versions\n",
        "markdown": "Pragma version[^0.8.6](Alpha.sol#L901) allows old versions\n",
        "first_markdown_element": "Alpha.sol#L901",
        "id": "0cd05e624d38d3718eddd866d00082926b3bea7111b64645458bf506afa925ab",
        "check": "solc-version",
        "impact": "Informational",
        "confidence": "High"
      },
      {
        "elements": [],
        "description": "solc-0.8.6 is not recommended for deployment\n",
        "markdown": "solc-0.8.6 is not recommended for deployment\n",
        "first_markdown_element": "",
        "id": "255b3de3a15cd1b2664d8a250d6fd4366960161ade9e88556c08b98a53789129",
        "check": "solc-version",
        "impact": "Informational",
        "confidence": "High"
      },
      {
        "elements": [
          {
            "type": "pragma",
            "name": "^0.8.6",
            "source_mapping": {
              "start": 3019,
              "length": 23,
              "filename_relative": "Alpha.sol",
              "filename_absolute": "C:\\Users\\20520\\Blockchain-Smart-Contract-Security\\get_source\\dataset\\Alpha.sol",
              "filename_short": "Alpha.sol",
              "is_dependency": false,
              "lines": [
                177
              ],
              "starting_column": 1,
              "ending_column": 24
            },
            "type_specific_fields": {
              "directive": [
                "solidity",
                "^",
                "0.8",
                ".6"
              ]
            }
          }
        ],
        "description": "Pragma version^0.8.6 (Alpha.sol#177) allows old versions\n",
        "markdown": "Pragma version[^0.8.6](Alpha.sol#L177) allows old versions\n",
        "first_markdown_element": "Alpha.sol#L177",
        "id": "3423fcf26d5e41b68297d91c84e8c21a838c19bbecf1f52c57f915c94c3f1aac",
        "check": "solc-version",
        "impact": "Informational",
        "confidence": "High"
      },
      {
        "elements": [
          {
            "type": "pragma",
            "name": "^0.8.6",
            "source_mapping": {
              "start": 4684,
              "length": 23,
              "filename_relative": "Alpha.sol",
              "filename_absolute": "C:\\Users\\20520\\Blockchain-Smart-Contract-Security\\get_source\\dataset\\Alpha.sol",
              "filename_short": "Alpha.sol",
              "is_dependency": false,
              "lines": [
                289
              ],
              "starting_column": 1,
              "ending_column": 24
            },
            "type_specific_fields": {
              "directive": [
                "solidity",
                "^",
                "0.8",
                ".6"
              ]
            }
          }
        ],
        "description": "Pragma version^0.8.6 (Alpha.sol#289) allows old versions\n",
        "markdown": "Pragma version[^0.8.6](Alpha.sol#L289) allows old versions\n",
        "first_markdown_element": "Alpha.sol#L289",
        "id": "4ed3de4b04047b53ac1e524e1befed09889fe57ac1806e52630622c7bb44d66d",
        "check": "solc-version",
        "impact": "Informational",
        "confidence": "High"
      },
      {
        "elements": [
          {
            "type": "pragma",
            "name": "^0.8.6",
            "source_mapping": {
              "start": 117,
              "length": 23,
              "filename_relative": "Alpha.sol",
              "filename_absolute": "C:\\Users\\20520\\Blockchain-Smart-Contract-Security\\get_source\\dataset\\Alpha.sol",
              "filename_short": "Alpha.sol",
              "is_dependency": false,
              "lines": [
                17
              ],
              "starting_column": 1,
              "ending_column": 24
            },
            "type_specific_fields": {
              "directive": [
                "solidity",
                "^",
                "0.8",
                ".6"
              ]
            }
          }
        ],
        "description": "Pragma version^0.8.6 (Alpha.sol#17) allows old versions\n",
        "markdown": "Pragma version[^0.8.6](Alpha.sol#L17) allows old versions\n",
        "first_markdown_element": "Alpha.sol#L17",
        "id": "57046ca608582d1ec0d621e6649947230e8c46ee3f987b5662a6021e678eb8fc",
        "check": "solc-version",
        "impact": "Informational",
        "confidence": "High"
      },
      {
        "elements": [
          {
            "type": "pragma",
            "name": "^0.8.6",
            "source_mapping": {
              "start": 3681,
              "length": 23,
              "filename_relative": "Alpha.sol",
              "filename_absolute": "C:\\Users\\20520\\Blockchain-Smart-Contract-Security\\get_source\\dataset\\Alpha.sol",
              "filename_short": "Alpha.sol",
              "is_dependency": false,
              "lines": [
                235
              ],
              "starting_column": 1,
              "ending_column": 24
            },
            "type_specific_fields": {
              "directive": [
                "solidity",
                "^",
                "0.8",
                ".6"
              ]
            }
          }
        ],
        "description": "Pragma version^0.8.6 (Alpha.sol#235) allows old versions\n",
        "markdown": "Pragma version[^0.8.6](Alpha.sol#L235) allows old versions\n",
        "first_markdown_element": "Alpha.sol#L235",
        "id": "df8d79c9ae35ef4c25afdbdc65aafcde55bcca67bfded5008143be4ebe20b95c",
        "check": "solc-version",
        "impact": "Informational",
        "confidence": "High"
      },
      {
        "elements": [
          {
            "type": "node",
            "name": "this",
            "source_mapping": {
              "start": 4449,
              "length": 4,
              "filename_relative": "Alpha.sol",
              "filename_absolute": "C:\\Users\\20520\\Blockchain-Smart-Contract-Security\\get_source\\dataset\\Alpha.sol",
              "filename_short": "Alpha.sol",
              "is_dependency": false,
              "lines": [
                271
              ],
              "starting_column": 9,
              "ending_column": 13
            },
            "type_specific_fields": {
              "parent": {
                "type": "function",
                "name": "_msgData",
                "source_mapping": {
                  "start": 4370,
                  "length": 238,
                  "filename_relative": "Alpha.sol",
                  "filename_absolute": "C:\\Users\\20520\\Blockchain-Smart-Contract-Security\\get_source\\dataset\\Alpha.sol",
                  "filename_short": "Alpha.sol",
                  "is_dependency": false,
                  "lines": [
                    269,
                    270,
                    271,
                    272,
                    273,
                    274,
                    275
                  ],
                  "starting_column": 5,
                  "ending_column": 6
                },
                "type_specific_fields": {
                  "parent": {
                    "type": "contract",
                    "name": "Context",
                    "source_mapping": {
                      "start": 4226,
                      "length": 386,
                      "filename_relative": "Alpha.sol",
                      "filename_absolute": "C:\\Users\\20520\\Blockchain-Smart-Contract-Security\\get_source\\dataset\\Alpha.sol",
                      "filename_short": "Alpha.sol",
                      "is_dependency": false,
                      "lines": [
                        259,
                        260,
                        261,
                        262,
                        263,
                        264,
                        265,
                        266,
                        267,
                        268,
                        269,
                        270,
                        271,
                        272,
                        273,
                        274,
                        275,
                        276,
                        277
                      ],
                      "starting_column": 1,
                      "ending_column": 2
                    }
                  },
                  "signature": "_msgData()"
                }
              }
            }
          },
          {
            "type": "contract",
            "name": "Context",
            "source_mapping": {
              "start": 4226,
              "length": 386,
              "filename_relative": "Alpha.sol",
              "filename_absolute": "C:\\Users\\20520\\Blockchain-Smart-Contract-Security\\get_source\\dataset\\Alpha.sol",
              "filename_short": "Alpha.sol",
              "is_dependency": false,
              "lines": [
                259,
                260,
                261,
                262,
                263,
                264,
                265,
                266,
                267,
                268,
                269,
                270,
                271,
                272,
                273,
                274,
                275,
                276,
                277
              ],
              "starting_column": 1,
              "ending_column": 2
            }
          }
        ],
        "description": "Redundant expression \"this (Alpha.sol#271)\" inContext (Alpha.sol#259-277)\n",
        "markdown": "Redundant expression \"[this](Alpha.sol#L271)\" in[Context](Alpha.sol#L259-L277)\n",
        "first_markdown_element": "Alpha.sol#L271",
        "id": "76db33b13e1c43bf7ce3a44184ccc2a84424bb5c4829801c548ce65d7766cddd",
        "check": "redundant-statements",
        "impact": "Informational",
        "confidence": "High"
      },
      {
        "elements": [
          {
            "type": "variable",
            "name": "_totalSupply",
            "source_mapping": {
              "start": 16080,
              "length": 49,
              "filename_relative": "Alpha.sol",
              "filename_absolute": "C:\\Users\\20520\\Blockchain-Smart-Contract-Security\\get_source\\dataset\\Alpha.sol",
              "filename_short": "Alpha.sol",
              "is_dependency": false,
              "lines": [
                919
              ],
              "starting_column": 5,
              "ending_column": 54
            },
            "type_specific_fields": {
              "parent": {
                "type": "contract",
                "name": "Alpha",
                "source_mapping": {
                  "start": 16002,
                  "length": 498,
                  "filename_relative": "Alpha.sol",
                  "filename_absolute": "C:\\Users\\20520\\Blockchain-Smart-Contract-Security\\get_source\\dataset\\Alpha.sol",
                  "filename_short": "Alpha.sol",
                  "is_dependency": false,
                  "lines": [
                    915,
                    916,
                    917,
                    918,
                    919,
                    920,
                    921,
                    922,
                    923,
                    924,
                    925,
                    926,
                    927,
                    928,
                    929,
                    930,
                    931,
                    932,
                    933,
                    934,
                    935,
                    936,
                    937,
                    938,
                    939,
                    940,
                    941,
                    942,
                    943,
                    944,
                    945,
                    946
                  ],
                  "starting_column": 1,
                  "ending_column": 0
                }
              }
            }
          }
        ],
        "description": "Alpha._totalSupply (Alpha.sol#919) should be constant \n",
        "markdown": "[Alpha._totalSupply](Alpha.sol#L919) should be constant \n",
        "first_markdown_element": "Alpha.sol#L919",
        "id": "230d90557adedb16ce6de085355297cb236015ed736170868cbdfc210cf431e4",
        "check": "constable-states",
        "impact": "Optimization",
        "confidence": "High"
      }
    ]
  }
}