{
  "success": true,
  "error": null,
  "results": {
    "detectors": [
      {
        "elements": [
          {
            "type": "variable",
            "name": "_totalSupply",
            "source_mapping": {
              "start": 18602,
              "length": 20,
              "filename_relative": "AlphaBet.sol",
              "filename_absolute": "C:\\Users\\20520\\Blockchain-Smart-Contract-Security\\get_source\\dataset\\AlphaBet.sol",
              "filename_short": "AlphaBet.sol",
              "is_dependency": false,
              "lines": [
                1021
              ],
              "starting_column": 17,
              "ending_column": 37
            },
            "type_specific_fields": {
              "parent": {
                "type": "function",
                "name": "constructor",
                "source_mapping": {
                  "start": 18590,
                  "length": 117,
                  "filename_relative": "AlphaBet.sol",
                  "filename_absolute": "C:\\Users\\20520\\Blockchain-Smart-Contract-Security\\get_source\\dataset\\AlphaBet.sol",
                  "filename_short": "AlphaBet.sol",
                  "is_dependency": false,
                  "lines": [
                    1021,
                    1022,
                    1023,
                    1024,
                    1025
                  ],
                  "starting_column": 5,
                  "ending_column": 6
                },
                "type_specific_fields": {
                  "parent": {
                    "type": "contract",
                    "name": "AlphaBet",
                    "source_mapping": {
                      "start": 18461,
                      "length": 1491,
                      "filename_relative": "AlphaBet.sol",
                      "filename_absolute": "C:\\Users\\20520\\Blockchain-Smart-Contract-Security\\get_source\\dataset\\AlphaBet.sol",
                      "filename_short": "AlphaBet.sol",
                      "is_dependency": false,
                      "lines": [
                        1015,
                        1016,
                        1017,
                        1018,
                        1019,
                        1020,
                        1021,
                        1022,
                        1023,
                        1024,
                        1025,
                        1026,
                        1027,
                        1028,
                        1029,
                        1030,
                        1031,
                        1032,
                        1033,
                        1034,
                        1035,
                        1036,
                        1037,
                        1038,
                        1039,
                        1040,
                        1041,
                        1042,
                        1043,
                        1044,
                        1045,
                        1046,
                        1047,
                        1048,
                        1049,
                        1050,
                        1051,
                        1052,
                        1053,
                        1054,
                        1055,
                        1056,
                        1057,
                        1058,
                        1059,
                        1060,
                        1061,
                        1062,
                        1063,
                        1064
                      ],
                      "starting_column": 1,
                      "ending_column": 0
                    }
                  },
                  "signature": "constructor(uint256)"
                }
              }
            }
          },
          {
            "type": "variable",
            "name": "_totalSupply",
            "source_mapping": {
              "start": 10213,
              "length": 28,
              "filename_relative": "AlphaBet.sol",
              "filename_absolute": "C:\\Users\\20520\\Blockchain-Smart-Contract-Security\\get_source\\dataset\\AlphaBet.sol",
              "filename_short": "AlphaBet.sol",
              "is_dependency": false,
              "lines": [
                519
              ],
              "starting_column": 5,
              "ending_column": 33
            },
            "type_specific_fields": {
              "parent": {
                "type": "contract",
                "name": "ERC20",
                "source_mapping": {
                  "start": 10027,
                  "length": 8366,
                  "filename_relative": "AlphaBet.sol",
                  "filename_absolute": "C:\\Users\\20520\\Blockchain-Smart-Contract-Security\\get_source\\dataset\\AlphaBet.sol",
                  "filename_short": "AlphaBet.sol",
                  "is_dependency": false,
                  "lines": [
                    513,
                    514,
                    515,
                    516,
                    517,
                    518,
                    519,
                    520,
                    521,
                    522,
                    523,
                    524,
                    525,
                    526,
                    527,
                    528,
                    529,
                    530,
                    531,
                    532,
                    533,
                    534,
                    535,
                    536,
                    537,
                    538,
                    539,
                    540,
                    541,
                    542,
                    543,
                    544,
                    545,
                    546,
                    547,
                    548,
                    549,
                    550,
                    551,
                    552,
                    553,
                    554,
                    555,
                    556,
                    557,
                    558,
                    559,
                    560,
                    561,
                    562,
                    563,
                    564,
                    565,
                    566,
                    567,
                    568,
                    569,
                    570,
                    571,
                    572,
                    573,
                    574,
                    575,
                    576,
                    577,
                    578,
                    579,
                    580,
                    581,
                    582,
                    583,
                    584,
                    585,
                    586,
                    587,
                    588,
                    589,
                    590,
                    591,
                    592,
                    593,
                    594,
                    595,
                    596,
                    597,
                    598,
                    599,
                    600,
                    601,
                    602,
                    603,
                    604,
                    605,
                    606,
                    607,
                    608,
                    609,
                    610,
                    611,
                    612,
                    613,
                    614,
                    615,
                    616,
                    617,
                    618,
                    619,
                    620,
                    621,
                    622,
                    623,
                    624,
                    625,
                    626,
                    627,
                    628,
                    629,
                    630,
                    631,
                    632,
                    633,
                    634,
                    635,
                    636,
                    637,
                    638,
                    639,
                    640,
                    641,
                    642,
                    643,
                    644,
                    645,
                    646,
                    647,
                    648,
                    649,
                    650,
                    651,
                    652,
                    653,
                    654,
                    655,
                    656,
                    657,
                    658,
                    659,
                    660,
                    661,
                    662,
                    663,
                    664,
                    665,
                    666,
                    667,
                    668,
                    669,
                    670,
                    671,
                    672,
                    673,
                    674,
                    675,
                    676,
                    677,
                    678,
                    679,
                    680,
                    681,
                    682,
                    683,
                    684,
                    685,
                    686,
                    687,
                    688,
                    689,
                    690,
                    691,
                    692,
                    693,
                    694,
                    695,
                    696,
                    697,
                    698,
                    699,
                    700,
                    701,
                    702,
                    703,
                    704,
                    705,
                    706,
                    707,
                    708,
                    709,
                    710,
                    711,
                    712,
                    713,
                    714,
                    715,
                    716,
                    717,
                    718,
                    719,
                    720,
                    721,
                    722,
                    723,
                    724,
                    725,
                    726,
                    727,
                    728,
                    729,
                    730,
                    731,
                    732,
                    733,
                    734,
                    735,
                    736,
                    737,
                    738,
                    739,
                    740,
                    741,
                    742,
                    743,
                    744,
                    745,
                    746,
                    747,
                    748,
                    749,
                    750,
                    751,
                    752,
                    753,
                    754,
                    755,
                    756,
                    757,
                    758,
                    759,
                    760,
                    761,
                    762,
                    763,
                    764,
                    765,
                    766,
                    767,
                    768,
                    769,
                    770,
                    771,
                    772,
                    773,
                    774,
                    775,
                    776,
                    777,
                    778,
                    779,
                    780,
                    781,
                    782,
                    783,
                    784,
                    785,
                    786,
                    787,
                    788,
                    789,
                    790,
                    791,
                    792,
                    793,
                    794,
                    795,
                    796,
                    797,
                    798,
                    799,
                    800,
                    801,
                    802,
                    803,
                    804,
                    805,
                    806,
                    807,
                    808,
                    809,
                    810,
                    811,
                    812,
                    813,
                    814,
                    815,
                    816,
                    817,
                    818,
                    819,
                    820,
                    821,
                    822,
                    823,
                    824,
                    825,
                    826,
                    827,
                    828,
                    829,
                    830,
                    831,
                    832,
                    833,
                    834,
                    835,
                    836,
                    837,
                    838,
                    839,
                    840,
                    841,
                    842,
                    843,
                    844,
                    845,
                    846,
                    847,
                    848,
                    849,
                    850,
                    851,
                    852,
                    853,
                    854,
                    855,
                    856,
                    857,
                    858,
                    859,
                    860,
                    861,
                    862,
                    863,
                    864,
                    865,
                    866,
                    867,
                    868,
                    869,
                    870,
                    871,
                    872,
                    873,
                    874,
                    875,
                    876,
                    877,
                    878,
                    879,
                    880,
                    881,
                    882,
                    883,
                    884,
                    885,
                    886,
                    887,
                    888,
                    889,
                    890,
                    891,
                    892,
                    893,
                    894,
                    895,
                    896,
                    897,
                    898,
                    899,
                    900,
                    901,
                    902,
                    903,
                    904,
                    905,
                    906,
                    907,
                    908,
                    909,
                    910,
                    911,
                    912,
                    913,
                    914,
                    915,
                    916,
                    917,
                    918,
                    919,
                    920,
                    921,
                    922,
                    923,
                    924,
                    925,
                    926,
                    927,
                    928,
                    929,
                    930,
                    931,
                    932,
                    933,
                    934,
                    935,
                    936,
                    937,
                    938,
                    939,
                    940,
                    941,
                    942,
                    943,
                    944,
                    945,
                    946,
                    947,
                    948,
                    949,
                    950,
                    951,
                    952,
                    953,
                    954,
                    955,
                    956,
                    957,
                    958,
                    959,
                    960,
                    961,
                    962,
                    963,
                    964,
                    965,
                    966,
                    967,
                    968,
                    969,
                    970,
                    971,
                    972,
                    973,
                    974,
                    975,
                    976,
                    977,
                    978,
                    979,
                    980,
                    981,
                    982,
                    983,
                    984,
                    985,
                    986,
                    987,
                    988,
                    989,
                    990,
                    991,
                    992,
                    993,
                    994,
                    995,
                    996,
                    997,
                    998,
                    999,
                    1000,
                    1001,
                    1002,
                    1003,
                    1004,
                    1005
                  ],
                  "starting_column": 1,
                  "ending_column": 2
                }
              }
            }
          }
        ],
        "description": "AlphaBet.constructor(uint256)._totalSupply (AlphaBet.sol#1021) shadows:\n\t- ERC20._totalSupply (AlphaBet.sol#519) (state variable)\n",
        "markdown": "[AlphaBet.constructor(uint256)._totalSupply](AlphaBet.sol#L1021) shadows:\n\t- [ERC20._totalSupply](AlphaBet.sol#L519) (state variable)\n",
        "first_markdown_element": "AlphaBet.sol#L1021",
        "id": "462cb6d5d30e41071a0c48085340a6586cd8bbfb75db79b1f66de50923f70963",
        "check": "shadowing-local",
        "impact": "Low",
        "confidence": "High"
      },
      {
        "elements": [
          {
            "type": "function",
            "name": "_msgData",
            "source_mapping": {
              "start": 2195,
              "length": 103,
              "filename_relative": "AlphaBet.sol",
              "filename_absolute": "C:\\Users\\20520\\Blockchain-Smart-Contract-Security\\get_source\\dataset\\AlphaBet.sol",
              "filename_short": "AlphaBet.sol",
              "is_dependency": false,
              "lines": [
                79,
                80,
                81,
                82,
                83
              ],
              "starting_column": 5,
              "ending_column": 6
            },
            "type_specific_fields": {
              "parent": {
                "type": "contract",
                "name": "Context",
                "source_mapping": {
                  "start": 2051,
                  "length": 251,
                  "filename_relative": "AlphaBet.sol",
                  "filename_absolute": "C:\\Users\\20520\\Blockchain-Smart-Contract-Security\\get_source\\dataset\\AlphaBet.sol",
                  "filename_short": "AlphaBet.sol",
                  "is_dependency": false,
                  "lines": [
                    69,
                    70,
                    71,
                    72,
                    73,
                    74,
                    75,
                    76,
                    77,
                    78,
                    79,
                    80,
                    81,
                    82,
                    83,
                    84,
                    85
                  ],
                  "starting_column": 1,
                  "ending_column": 2
                }
              },
              "signature": "_msgData()"
            }
          }
        ],
        "description": "Context._msgData() (AlphaBet.sol#79-83) is never used and should be removed\n",
        "markdown": "[Context._msgData()](AlphaBet.sol#L79-L83) is never used and should be removed\n",
        "first_markdown_element": "AlphaBet.sol#L79-L83",
        "id": "93bd23634a3bf022810e43138345cf58db61248a704a7d277c8ec3d68c3ad188",
        "check": "dead-code",
        "impact": "Informational",
        "confidence": "Medium"
      },
      {
        "elements": [
          {
            "type": "pragma",
            "name": "^0.8.0",
            "source_mapping": {
              "start": 18435,
              "length": 23,
              "filename_relative": "AlphaBet.sol",
              "filename_absolute": "C:\\Users\\20520\\Blockchain-Smart-Contract-Security\\get_source\\dataset\\AlphaBet.sol",
              "filename_short": "AlphaBet.sol",
              "is_dependency": false,
              "lines": [
                1013
              ],
              "starting_column": 1,
              "ending_column": 24
            },
            "type_specific_fields": {
              "directive": [
                "solidity",
                "^",
                "0.8",
                ".0"
              ]
            }
          }
        ],
        "description": "Pragma version^0.8.0 (AlphaBet.sol#1013) allows old versions\n",
        "markdown": "Pragma version[^0.8.0](AlphaBet.sol#L1013) allows old versions\n",
        "first_markdown_element": "AlphaBet.sol#L1013",
        "id": "0a65f71ca9bad3714574d6aab9a3ae9f749dd80b54b5b0a5773b26110a1023fe",
        "check": "solc-version",
        "impact": "Informational",
        "confidence": "High"
      },
      {
        "elements": [
          {
            "type": "pragma",
            "name": "^0.8.0",
            "source_mapping": {
              "start": 5043,
              "length": 23,
              "filename_relative": "AlphaBet.sol",
              "filename_absolute": "C:\\Users\\20520\\Blockchain-Smart-Contract-Security\\get_source\\dataset\\AlphaBet.sol",
              "filename_short": "AlphaBet.sol",
              "is_dependency": false,
              "lines": [
                245
              ],
              "starting_column": 1,
              "ending_column": 24
            },
            "type_specific_fields": {
              "directive": [
                "solidity",
                "^",
                "0.8",
                ".0"
              ]
            }
          }
        ],
        "description": "Pragma version^0.8.0 (AlphaBet.sol#245) allows old versions\n",
        "markdown": "Pragma version[^0.8.0](AlphaBet.sol#L245) allows old versions\n",
        "first_markdown_element": "AlphaBet.sol#L245",
        "id": "317587ecd7168b5eea02fc30c9d0c49e777d77d598ad175ec268439b5a9ac952",
        "check": "solc-version",
        "impact": "Informational",
        "confidence": "High"
      },
      {
        "elements": [
          {
            "type": "pragma",
            "name": "^0.8.0",
            "source_mapping": {
              "start": 8059,
              "length": 23,
              "filename_relative": "AlphaBet.sol",
              "filename_absolute": "C:\\Users\\20520\\Blockchain-Smart-Contract-Security\\get_source\\dataset\\AlphaBet.sol",
              "filename_short": "AlphaBet.sol",
              "is_dependency": false,
              "lines": [
                409
              ],
              "starting_column": 1,
              "ending_column": 24
            },
            "type_specific_fields": {
              "directive": [
                "solidity",
                "^",
                "0.8",
                ".0"
              ]
            }
          }
        ],
        "description": "Pragma version^0.8.0 (AlphaBet.sol#409) allows old versions\n",
        "markdown": "Pragma version[^0.8.0](AlphaBet.sol#L409) allows old versions\n",
        "first_markdown_element": "AlphaBet.sol#L409",
        "id": "74e09a91c14978e41fea666800a61b9075b3835d251aa2b5bbc8eab5b60e6961",
        "check": "solc-version",
        "impact": "Informational",
        "confidence": "High"
      },
      {
        "elements": [
          {
            "type": "pragma",
            "name": "^0.8.0",
            "source_mapping": {
              "start": 1505,
              "length": 23,
              "filename_relative": "AlphaBet.sol",
              "filename_absolute": "C:\\Users\\20520\\Blockchain-Smart-Contract-Security\\get_source\\dataset\\AlphaBet.sol",
              "filename_short": "AlphaBet.sol",
              "is_dependency": false,
              "lines": [
                45
              ],
              "starting_column": 1,
              "ending_column": 24
            },
            "type_specific_fields": {
              "directive": [
                "solidity",
                "^",
                "0.8",
                ".0"
              ]
            }
          }
        ],
        "description": "Pragma version^0.8.0 (AlphaBet.sol#45) allows old versions\n",
        "markdown": "Pragma version[^0.8.0](AlphaBet.sol#L45) allows old versions\n",
        "first_markdown_element": "AlphaBet.sol#L45",
        "id": "8de33f5322582d202ee2abf1c12527f5ab279bfb4386887d92c23e1445be1570",
        "check": "solc-version",
        "impact": "Informational",
        "confidence": "High"
      },
      {
        "elements": [
          {
            "type": "pragma",
            "name": "^0.8.0",
            "source_mapping": {
              "start": 2427,
              "length": 23,
              "filename_relative": "AlphaBet.sol",
              "filename_absolute": "C:\\Users\\20520\\Blockchain-Smart-Contract-Security\\get_source\\dataset\\AlphaBet.sol",
              "filename_short": "AlphaBet.sol",
              "is_dependency": false,
              "lines": [
                95
              ],
              "starting_column": 1,
              "ending_column": 24
            },
            "type_specific_fields": {
              "directive": [
                "solidity",
                "^",
                "0.8",
                ".0"
              ]
            }
          }
        ],
        "description": "Pragma version^0.8.0 (AlphaBet.sol#95) allows old versions\n",
        "markdown": "Pragma version[^0.8.0](AlphaBet.sol#L95) allows old versions\n",
        "first_markdown_element": "AlphaBet.sol#L95",
        "id": "a80280a3a49543fd92ba929acd19853c7678eb5b76e6b956150454059563214e",
        "check": "solc-version",
        "impact": "Informational",
        "confidence": "High"
      },
      {
        "elements": [],
        "description": "solc-0.8.0 is not recommended for deployment\n",
        "markdown": "solc-0.8.0 is not recommended for deployment\n",
        "first_markdown_element": "",
        "id": "c298e4718eba1e635e63e4c3206d561ac1974eaef1a3bba154ff9c56bcf6282a",
        "check": "solc-version",
        "impact": "Informational",
        "confidence": "High"
      },
      {
        "elements": [
          {
            "type": "pragma",
            "name": "^0.8.0",
            "source_mapping": {
              "start": 8778,
              "length": 23,
              "filename_relative": "AlphaBet.sol",
              "filename_absolute": "C:\\Users\\20520\\Blockchain-Smart-Contract-Security\\get_source\\dataset\\AlphaBet.sol",
              "filename_short": "AlphaBet.sol",
              "is_dependency": false,
              "lines": [
                461
              ],
              "starting_column": 1,
              "ending_column": 24
            },
            "type_specific_fields": {
              "directive": [
                "solidity",
                "^",
                "0.8",
                ".0"
              ]
            }
          }
        ],
        "description": "Pragma version^0.8.0 (AlphaBet.sol#461) allows old versions\n",
        "markdown": "Pragma version[^0.8.0](AlphaBet.sol#L461) allows old versions\n",
        "first_markdown_element": "AlphaBet.sol#L461",
        "id": "de3fbf9681a22db81c5cceb531f8a6d96c1d1df4ba906b069576800a0a33214e",
        "check": "solc-version",
        "impact": "Informational",
        "confidence": "High"
      },
      {
        "elements": [
          {
            "type": "variable",
            "name": "uniswapV2Pair",
            "source_mapping": {
              "start": 18505,
              "length": 73,
              "filename_relative": "AlphaBet.sol",
              "filename_absolute": "C:\\Users\\20520\\Blockchain-Smart-Contract-Security\\get_source\\dataset\\AlphaBet.sol",
              "filename_short": "AlphaBet.sol",
              "is_dependency": false,
              "lines": [
                1017
              ],
              "starting_column": 5,
              "ending_column": 78
            },
            "type_specific_fields": {
              "parent": {
                "type": "contract",
                "name": "AlphaBet",
                "source_mapping": {
                  "start": 18461,
                  "length": 1491,
                  "filename_relative": "AlphaBet.sol",
                  "filename_absolute": "C:\\Users\\20520\\Blockchain-Smart-Contract-Security\\get_source\\dataset\\AlphaBet.sol",
                  "filename_short": "AlphaBet.sol",
                  "is_dependency": false,
                  "lines": [
                    1015,
                    1016,
                    1017,
                    1018,
                    1019,
                    1020,
                    1021,
                    1022,
                    1023,
                    1024,
                    1025,
                    1026,
                    1027,
                    1028,
                    1029,
                    1030,
                    1031,
                    1032,
                    1033,
                    1034,
                    1035,
                    1036,
                    1037,
                    1038,
                    1039,
                    1040,
                    1041,
                    1042,
                    1043,
                    1044,
                    1045,
                    1046,
                    1047,
                    1048,
                    1049,
                    1050,
                    1051,
                    1052,
                    1053,
                    1054,
                    1055,
                    1056,
                    1057,
                    1058,
                    1059,
                    1060,
                    1061,
                    1062,
                    1063,
                    1064
                  ],
                  "starting_column": 1,
                  "ending_column": 0
                }
              }
            }
          }
        ],
        "description": "AlphaBet.uniswapV2Pair (AlphaBet.sol#1017) should be constant \n",
        "markdown": "[AlphaBet.uniswapV2Pair](AlphaBet.sol#L1017) should be constant \n",
        "first_markdown_element": "AlphaBet.sol#L1017",
        "id": "0dcf6b8b22d2b79c6a6b1cce129009b415e1ff52475a1c33c33036ce493246b7",
        "check": "constable-states",
        "impact": "Optimization",
        "confidence": "High"
      }
    ]
  }
}