start,line_number,size,bug_type,approach,bug_snip
1461,51,300,Overflow-Underflow,code snippet injection,"mapping(address => uint) balances_intou22;

function transfer_intou22(address _to, uint _value) public returns (bool) {
    require(balances_intou22[msg.sender] - _value >= 0);  //bug
    balances_intou22[msg.sender] -= _value;  //bug
    balances_intou22[_to] += _value;  //bug
    return true;
  }
"
2525,74,396,Overflow-Underflow,code snippet injection,"mapping(address => uint) public lockTime_intou1;

function increaseLockTime_intou1(uint _secondsToIncrease) public {
        lockTime_intou1[msg.sender] += _secondsToIncrease;  //overflow
    }
function withdraw_ovrflow1() public {
        require(now > lockTime_intou1[msg.sender]);    
        uint transferValue_intou1 = 10;           
        msg.sender.transfer(transferValue_intou1);
    }
"
