start,line_number,size,bug_type,approach,bug_snip
3504,173,300,Overflow-Underflow,code snippet injection,"mapping(address => uint) balances_intou26;

function transfer_intou26(address _to, uint _value) public returns (bool) {
    require(balances_intou26[msg.sender] - _value >= 0);  //bug
    balances_intou26[msg.sender] -= _value;  //bug
    balances_intou26[_to] += _value;  //bug
    return true;
  }
"
6804,289,298,Overflow-Underflow,code snippet injection,"mapping(address => uint) balances_intou2;

function transfer_undrflow2(address _to, uint _value) public returns (bool) {
    require(balances_intou2[msg.sender] - _value >= 0);  //bug
    balances_intou2[msg.sender] -= _value;  //bug
    balances_intou2[_to] += _value;  //bug
    return true;
  }
"
