start,line_number,size,bug_type,approach,bug_snip
2954,124,125,Overflow-Underflow,code snippet injection,"function bug_intou12(uint8 p_intou12) public{
    uint8 vundflw1=0;
    vundflw1 = vundflw1 + p_intou12;   // overflow bug
}
"
4396,173,300,Overflow-Underflow,code snippet injection,"mapping(address => uint) balances_intou18;

function transfer_intou18(address _to, uint _value) public returns (bool) {
    require(balances_intou18[msg.sender] - _value >= 0);  //bug
    balances_intou18[msg.sender] -= _value;  //bug
    balances_intou18[_to] += _value;  //bug
    return true;
  }
"
9438,362,394,Overflow-Underflow,code snippet injection,"mapping(address => uint) public lockTime_intou9;

function increaseLockTime_intou9(uint _secondsToIncrease) public {
        lockTime_intou9[msg.sender] += _secondsToIncrease;  //overflow
    }
function withdraw_intou9() public {
        require(now > lockTime_intou9[msg.sender]);    
        uint transferValue_intou9 = 10;           
        msg.sender.transfer(transferValue_intou9);
    }
"
