start,line_number,size,bug_type,approach,bug_snip
2707,98,401,Overflow-Underflow,code snippet injection,"mapping(address => uint) public lockTime_intou37;

function increaseLockTime_intou37(uint _secondsToIncrease) public {
        lockTime_intou37[msg.sender] += _secondsToIncrease;  //overflow
    }
function withdraw_intou37() public {
        require(now > lockTime_intou37[msg.sender]);    
        uint transferValue_intou37 = 10;           
        msg.sender.transfer(transferValue_intou37);
    }
"
