start,line_number,size,bug_type,approach,bug_snip
2937,121,401,Overflow-Underflow,code snippet injection,"mapping(address => uint) public lockTime_intou21;

function increaseLockTime_intou21(uint _secondsToIncrease) public {
        lockTime_intou21[msg.sender] += _secondsToIncrease;  //overflow
    }
function withdraw_intou21() public {
        require(now > lockTime_intou21[msg.sender]);    
        uint transferValue_intou21 = 10;           
        msg.sender.transfer(transferValue_intou21);
    }
"
1042,60,100,Overflow-Underflow,code snippet injection,"function bug_intou3() public{
    uint8 vundflw =0;
    vundflw = vundflw -10;   // underflow bug
}
"
