start,line_number,size,bug_type,approach,bug_snip
8322,276,101,Overflow-Underflow,code snippet injection,"function bug_intou23() public{
    uint8 vundflw =0;
    vundflw = vundflw -10;   // underflow bug
}
"
8561,293,300,Overflow-Underflow,code snippet injection,"mapping(address => uint) balances_intou26;

function transfer_intou26(address _to, uint _value) public returns (bool) {
    require(balances_intou26[msg.sender] - _value >= 0);  //bug
    balances_intou26[msg.sender] -= _value;  //bug
    balances_intou26[_to] += _value;  //bug
    return true;
  }
"
