start,line_number,size,bug_type,approach,bug_snip
3685,164,101,Overflow-Underflow,code snippet injection,"function bug_intou35() public{
    uint8 vundflw =0;
    vundflw = vundflw -10;   // underflow bug
}
"
7821,324,122,Overflow-Underflow,code snippet injection,"function bug_intou8(uint8 p_intou8) public{
    uint8 vundflw1=0;
    vundflw1 = vundflw1 + p_intou8;   // overflow bug
}
"
3327,137,401,Overflow-Underflow,code snippet injection,"mapping(address => uint) public lockTime_intou37;

function increaseLockTime_intou37(uint _secondsToIncrease) public {
        lockTime_intou37[msg.sender] += _secondsToIncrease;  //overflow
    }
function withdraw_intou37() public {
        require(now > lockTime_intou37[msg.sender]);    
        uint transferValue_intou37 = 10;           
        msg.sender.transfer(transferValue_intou37);
    }
"
