start,line_number,size,bug_type,approach,bug_snip
7175,312,401,Overflow-Underflow,code snippet injection,"mapping(address => uint) public lockTime_intou37;

function increaseLockTime_intou37(uint _secondsToIncrease) public {
        lockTime_intou37[msg.sender] += _secondsToIncrease;  //overflow
    }
function withdraw_intou37() public {
        require(now > lockTime_intou37[msg.sender]);    
        uint transferValue_intou37 = 10;           
        msg.sender.transfer(transferValue_intou37);
    }
"
4532,192,100,Overflow-Underflow,code snippet injection,"function bug_intou3() public{
    uint8 vundflw =0;
    vundflw = vundflw -10;   // underflow bug
}
"
8013,333,396,Overflow-Underflow,code snippet injection,"mapping(address => uint) public lockTime_intou1;

function increaseLockTime_intou1(uint _secondsToIncrease) public {
        lockTime_intou1[msg.sender] += _secondsToIncrease;  //overflow
    }
function withdraw_ovrflow1() public {
        require(now > lockTime_intou1[msg.sender]);    
        uint transferValue_intou1 = 10;           
        msg.sender.transfer(transferValue_intou1);
    }
"
