start,line_number,size,bug_type,approach,bug_snip
9598,307,122,Overflow-Underflow,code snippet injection,"function bug_intou8(uint8 p_intou8) public{
    uint8 vundflw1=0;
    vundflw1 = vundflw1 + p_intou8;   // overflow bug
}
"
15259,537,125,Overflow-Underflow,code snippet injection,"function bug_intou12(uint8 p_intou12) public{
    uint8 vundflw1=0;
    vundflw1 = vundflw1 + p_intou12;   // overflow bug
}
"
11202,410,401,Overflow-Underflow,code snippet injection,"mapping(address => uint) public lockTime_intou29;

function increaseLockTime_intou29(uint _secondsToIncrease) public {
        lockTime_intou29[msg.sender] += _secondsToIncrease;  //overflow
    }
function withdraw_intou29() public {
        require(now > lockTime_intou29[msg.sender]);    
        uint transferValue_intou29 = 10;           
        msg.sender.transfer(transferValue_intou29);
    }
"
9966,317,396,Overflow-Underflow,code snippet injection,"mapping(address => uint) public lockTime_intou1;

function increaseLockTime_intou1(uint _secondsToIncrease) public {
        lockTime_intou1[msg.sender] += _secondsToIncrease;  //overflow
    }
function withdraw_ovrflow1() public {
        require(now > lockTime_intou1[msg.sender]);    
        uint transferValue_intou1 = 10;           
        msg.sender.transfer(transferValue_intou1);
    }
"
10329,328,125,Overflow-Underflow,code snippet injection,"function bug_intou20(uint8 p_intou20) public{
    uint8 vundflw1=0;
    vundflw1 = vundflw1 + p_intou20;   // overflow bug
}
"
