start,line_number,size,bug_type,approach,bug_snip
2537,103,401,Overflow-Underflow,code snippet injection,"mapping(address => uint) public lockTime_intou17;

function increaseLockTime_intou17(uint _secondsToIncrease) public {
        lockTime_intou17[msg.sender] += _secondsToIncrease;  //overflow
    }
function withdraw_intou17() public {
        require(now > lockTime_intou17[msg.sender]);    
        uint transferValue_intou17 = 10;           
        msg.sender.transfer(transferValue_intou17);
    }
"
