start,line_number,size,bug_type,approach,bug_snip
7582,367,401,Overflow-Underflow,code snippet injection,"mapping(address => uint) public lockTime_intou13;

function increaseLockTime_intou13(uint _secondsToIncrease) public {
        lockTime_intou13[msg.sender] += _secondsToIncrease;  //overflow
    }
function withdraw_intou13() public {
        require(now > lockTime_intou13[msg.sender]);    
        uint transferValue_intou13 = 10;           
        msg.sender.transfer(transferValue_intou13);
    }
"
1943,103,101,Overflow-Underflow,code snippet injection,"function bug_intou15() public{
    uint8 vundflw =0;
    vundflw = vundflw -10;   // underflow bug
}
"
1943,98,101,Overflow-Underflow,code snippet injection,"function bug_intou31() public{
    uint8 vundflw =0;
    vundflw = vundflw -10;   // underflow bug
}
"
