start,line_number,size,bug_type,approach,bug_snip
3079,152,125,Overflow-Underflow,code snippet injection,"function bug_intou12(uint8 p_intou12) public{
    uint8 vundflw1=0;
    vundflw1 = vundflw1 + p_intou12;   // overflow bug
}
"
7388,362,101,Overflow-Underflow,code snippet injection,"function bug_intou31() public{
    uint8 vundflw =0;
    vundflw = vundflw -10;   // underflow bug
}
"
7219,344,300,Overflow-Underflow,code snippet injection,"mapping(address => uint) balances_intou38;

function transfer_intou38(address _to, uint _value) public returns (bool) {
    require(balances_intou38[msg.sender] - _value >= 0);  //bug
    balances_intou38[msg.sender] -= _value;  //bug
    balances_intou38[_to] += _value;  //bug
    return true;
  }
"
9248,458,101,Overflow-Underflow,code snippet injection,"function bug_intou11() public{
    uint8 vundflw =0;
    vundflw = vundflw -10;   // underflow bug
}
"
3357,167,125,Overflow-Underflow,code snippet injection,"function bug_intou32(uint8 p_intou32) public{
    uint8 vundflw1=0;
    vundflw1 = vundflw1 + p_intou32;   // overflow bug
}
"
3508,172,122,Overflow-Underflow,code snippet injection,"function bug_intou8(uint8 p_intou8) public{
    uint8 vundflw1=0;
    vundflw1 = vundflw1 + p_intou8;   // overflow bug
}
"
