start,line_number,size,bug_type,approach,bug_snip
1792,65,401,Overflow-Underflow,code snippet injection,"mapping(address => uint) public lockTime_intou25;

function increaseLockTime_intou25(uint _secondsToIncrease) public {
        lockTime_intou25[msg.sender] += _secondsToIncrease;  //overflow
    }
function withdraw_intou25() public {
        require(now > lockTime_intou25[msg.sender]);    
        uint transferValue_intou25 = 10;           
        msg.sender.transfer(transferValue_intou25);
    }
"
