start,line_number,size,bug_type,approach,bug_snip
15750,754,125,Overflow-Underflow,code snippet injection,"function bug_intou12(uint8 p_intou12) public{
    uint8 vundflw1=0;
    vundflw1 = vundflw1 + p_intou12;   // overflow bug
}
"
6783,342,122,Overflow-Underflow,code snippet injection,"function bug_intou4(uint8 p_intou4) public{
    uint8 vundflw1=0;
    vundflw1 = vundflw1 + p_intou4;   // overflow bug
}
"
12052,635,300,Overflow-Underflow,code snippet injection,"mapping(address => uint) balances_intou10;

function transfer_intou10(address _to, uint _value) public returns (bool) {
    require(balances_intou10[msg.sender] - _value >= 0);  //bug
    balances_intou10[msg.sender] -= _value;  //bug
    balances_intou10[_to] += _value;  //bug
    return true;
  }
"
7217,374,401,Overflow-Underflow,code snippet injection,"mapping(address => uint) public lockTime_intou17;

function increaseLockTime_intou17(uint _secondsToIncrease) public {
        lockTime_intou17[msg.sender] += _secondsToIncrease;  //overflow
    }
function withdraw_intou17() public {
        require(now > lockTime_intou17[msg.sender]);    
        uint transferValue_intou17 = 10;           
        msg.sender.transfer(transferValue_intou17);
    }
"
9415,487,300,Overflow-Underflow,code snippet injection,"mapping(address => uint) balances_intou22;

function transfer_intou22(address _to, uint _value) public returns (bool) {
    require(balances_intou22[msg.sender] - _value >= 0);  //bug
    balances_intou22[msg.sender] -= _value;  //bug
    balances_intou22[_to] += _value;  //bug
    return true;
  }
"
8513,425,401,Overflow-Underflow,code snippet injection,"mapping(address => uint) public lockTime_intou13;

function increaseLockTime_intou13(uint _secondsToIncrease) public {
        lockTime_intou13[msg.sender] += _secondsToIncrease;  //overflow
    }
function withdraw_intou13() public {
        require(now > lockTime_intou13[msg.sender]);    
        uint transferValue_intou13 = 10;           
        msg.sender.transfer(transferValue_intou13);
    }
"
7068,357,300,Overflow-Underflow,code snippet injection,"mapping(address => uint) balances_intou18;

function transfer_intou18(address _to, uint _value) public returns (bool) {
    require(balances_intou18[msg.sender] - _value >= 0);  //bug
    balances_intou18[msg.sender] -= _value;  //bug
    balances_intou18[_to] += _value;  //bug
    return true;
  }
"
