start,line_number,size,bug_type,approach,bug_snip
1243,46,401,Overflow-Underflow,code snippet injection,"mapping(address => uint) public lockTime_intou29;

function increaseLockTime_intou29(uint _secondsToIncrease) public {
        lockTime_intou29[msg.sender] += _secondsToIncrease;  //overflow
    }
function withdraw_intou29() public {
        require(now > lockTime_intou29[msg.sender]);    
        uint transferValue_intou29 = 10;           
        msg.sender.transfer(transferValue_intou29);
    }
"
