start,line_number,size,bug_type,approach,bug_snip
3336,159,390,Timestamp-Dependency,code snippet injection,"function bug_tmstmp4 () public payable {
uint pastBlockTime_tmstmp4; // Forces one bet per block
require(msg.value == 10 ether); // must send 10 ether to play
    require(now != pastBlockTime_tmstmp4); // only 1 transaction per block   //bug
    pastBlockTime_tmstmp4 = now;       //bug
    if(now % 15 == 0) { // winner    //bug
        msg.sender.transfer(address(this).balance);
    }
}
"
