start,line_number,size,bug_type,approach,bug_snip
10242,467,94,Timestamp-Dependency,code snippet injection,"function bug_tmstmp5() view public returns (bool) {
  return block.timestamp >= 1546300800;
}
"
5544,286,161,Timestamp-Dependency,code snippet injection,"address winner_tmstmp34;
function play_tmstmp34(uint startTime) public {
	if (startTime + (5 * 1 days) == block.timestamp){
		winner_tmstmp34 = msg.sender;
	}
}
"
721,52,184,Timestamp-Dependency,code snippet injection,"address winner_tmstmp35;
function play_tmstmp35(uint startTime) public {
	uint _vtime = block.timestamp;
	if (startTime + (5 * 1 days) == _vtime){
		winner_tmstmp35 = msg.sender;
	}
}
"
9686,451,95,Timestamp-Dependency,code snippet injection,"function bug_tmstmp17() public view returns (bool) {
  return block.timestamp >= 1546300800;
}
"
