start,line_number,size,bug_type,approach,bug_snip
3925,188,94,Timestamp-Dependency,code snippet injection,"function bug_tmstmp5() view public returns (bool) {
  return block.timestamp >= 1546300800;
}
"
12097,493,184,Timestamp-Dependency,code snippet injection,"address winner_tmstmp31;
function play_tmstmp31(uint startTime) public {
	uint _vtime = block.timestamp;
	if (startTime + (5 * 1 days) == _vtime){
		winner_tmstmp31 = msg.sender;
	}
}
"
4911,212,394,Timestamp-Dependency,code snippet injection,"function bug_tmstmp36 () public payable {
uint pastBlockTime_tmstmp36; // Forces one bet per block
require(msg.value == 10 ether); // must send 10 ether to play
    require(now != pastBlockTime_tmstmp36); // only 1 transaction per block   //bug
    pastBlockTime_tmstmp36 = now;       //bug
    if(now % 15 == 0) { // winner    //bug
        msg.sender.transfer(address(this).balance);
    }
}
"
3925,180,184,Timestamp-Dependency,code snippet injection,"address winner_tmstmp35;
function play_tmstmp35(uint startTime) public {
	uint _vtime = block.timestamp;
	if (startTime + (5 * 1 days) == _vtime){
		winner_tmstmp35 = msg.sender;
	}
}
"
3925,175,158,Timestamp-Dependency,code snippet injection,"address winner_tmstmp14;
function play_tmstmp14(uint startTime) public {
	if (startTime + (5 * 1 days) == block.timestamp){
		winner_tmstmp14 = msg.sender;}}
"
