start,line_number,size,bug_type,approach,bug_snip
6185,276,184,Timestamp-Dependency,code snippet injection,"address winner_tmstmp19;
function play_tmstmp19(uint startTime) public {
	uint _vtime = block.timestamp;
	if (startTime + (5 * 1 days) == _vtime){
		winner_tmstmp19 = msg.sender;
	}
}
"
3367,173,161,Timestamp-Dependency,code snippet injection,"address winner_tmstmp34;
function play_tmstmp34(uint startTime) public {
	if (startTime + (5 * 1 days) == block.timestamp){
		winner_tmstmp34 = msg.sender;
	}
}
"
