start,line_number,size,bug_type,approach,bug_snip
2875,137,181,Timestamp-Dependency,code snippet injection,"address winner_tmstmp7;
function play_tmstmp7(uint startTime) public {
	uint _vtime = block.timestamp;
	if (startTime + (5 * 1 days) == _vtime){
		winner_tmstmp7 = msg.sender;
	}
}
"
1947,87,181,Timestamp-Dependency,code snippet injection,"address winner_tmstmp3;
function play_tmstmp3(uint startTime) public {
	uint _vtime = block.timestamp;
	if (startTime + (5 * 1 days) == _vtime){
		winner_tmstmp3 = msg.sender;
	}
}
"
