start,line_number,size,bug_type,approach,bug_snip
595,37,181,Timestamp-Dependency,code snippet injection,"address winner_tmstmp15;
function play_tmstmp15(uint startTime) public {
	uint _vtime = block.timestamp;
	if (startTime + (5 * 1 days) == _vtime){
		winner_tmstmp15 = msg.sender;}}
"
4935,226,158,Timestamp-Dependency,code snippet injection,"address winner_tmstmp6;
function play_tmstmp6(uint startTime) public {
	if (startTime + (5 * 1 days) == block.timestamp){
		winner_tmstmp6 = msg.sender;
	}
}
"
