start,line_number,size,bug_type,approach,bug_snip
3647,141,184,Timestamp-Dependency,code snippet injection,"address winner_tmstmp35;
function play_tmstmp35(uint startTime) public {
	uint _vtime = block.timestamp;
	if (startTime + (5 * 1 days) == _vtime){
		winner_tmstmp35 = msg.sender;
	}
}
"
4806,195,184,Timestamp-Dependency,code snippet injection,"address winner_tmstmp31;
function play_tmstmp31(uint startTime) public {
	uint _vtime = block.timestamp;
	if (startTime + (5 * 1 days) == _vtime){
		winner_tmstmp31 = msg.sender;
	}
}
"
