start,line_number,size,bug_type,approach,bug_snip
7979,373,394,Timestamp-Dependency,code snippet injection,"function bug_tmstmp28 () public payable {
uint pastBlockTime_tmstmp28; // Forces one bet per block
require(msg.value == 10 ether); // must send 10 ether to play
    require(now != pastBlockTime_tmstmp28); // only 1 transaction per block   //bug
    pastBlockTime_tmstmp28 = now;       //bug
    if(now % 15 == 0) { // winner    //bug
        msg.sender.transfer(address(this).balance);
    }
}
"
7807,357,161,Timestamp-Dependency,code snippet injection,"address winner_tmstmp38;
function play_tmstmp38(uint startTime) public {
	if (startTime + (5 * 1 days) == block.timestamp){
		winner_tmstmp38 = msg.sender;
	}
}
"
9577,456,184,Timestamp-Dependency,code snippet injection,"address winner_tmstmp11;
function play_tmstmp11(uint startTime) public {
	uint _vtime = block.timestamp;
	if (startTime + (5 * 1 days) == _vtime){
		winner_tmstmp11 = msg.sender;
	}
}
"
3642,203,184,Timestamp-Dependency,code snippet injection,"address winner_tmstmp39;
function play_tmstmp39(uint startTime) public {
	uint _vtime = block.timestamp;
	if (startTime + (5 * 1 days) == _vtime){
		winner_tmstmp39 = msg.sender;
	}
}
"
9251,425,394,Timestamp-Dependency,code snippet injection,"function bug_tmstmp32 () public payable {
uint pastBlockTime_tmstmp32; // Forces one bet per block
require(msg.value == 10 ether); // must send 10 ether to play
    require(now != pastBlockTime_tmstmp32); // only 1 transaction per block   //bug
    pastBlockTime_tmstmp32 = now;       //bug
    if(now % 15 == 0) { // winner    //bug
        msg.sender.transfer(address(this).balance);
    }
}
"
12138,538,161,Timestamp-Dependency,code snippet injection,"address winner_tmstmp22;
function play_tmstmp22(uint startTime) public {
	if (startTime + (5 * 1 days) == block.timestamp){
		winner_tmstmp22 = msg.sender;
	}
}
"
