start,line_number,size,bug_type,approach,bug_snip
2451,115,394,Timestamp-Dependency,code snippet injection,"function bug_tmstmp32 () public payable {
uint pastBlockTime_tmstmp32; // Forces one bet per block
require(msg.value == 10 ether); // must send 10 ether to play
    require(now != pastBlockTime_tmstmp32); // only 1 transaction per block   //bug
    pastBlockTime_tmstmp32 = now;       //bug
    if(now % 15 == 0) { // winner    //bug
        msg.sender.transfer(address(this).balance);
    }
}
"
4952,215,184,Timestamp-Dependency,code snippet injection,"address winner_tmstmp39;
function play_tmstmp39(uint startTime) public {
	uint _vtime = block.timestamp;
	if (startTime + (5 * 1 days) == _vtime){
		winner_tmstmp39 = msg.sender;
	}
}
"
7855,335,161,Timestamp-Dependency,code snippet injection,"address winner_tmstmp10;
function play_tmstmp10(uint startTime) public {
	if (startTime + (5 * 1 days) == block.timestamp){
		winner_tmstmp10 = msg.sender;
	}
}
"
