start,line_number,size,bug_type,approach,bug_snip
9945,393,161,Timestamp-Dependency,code snippet injection,"address winner_tmstmp10;
function play_tmstmp10(uint startTime) public {
	if (startTime + (5 * 1 days) == block.timestamp){
		winner_tmstmp10 = msg.sender;
	}
}
"
3430,141,184,Timestamp-Dependency,code snippet injection,"address winner_tmstmp35;
function play_tmstmp35(uint startTime) public {
	uint _vtime = block.timestamp;
	if (startTime + (5 * 1 days) == _vtime){
		winner_tmstmp35 = msg.sender;
	}
}
"
7531,298,394,Timestamp-Dependency,code snippet injection,"function bug_tmstmp16 () public payable {
uint pastBlockTime_tmstmp16; // Forces one bet per block
require(msg.value == 10 ether); // must send 10 ether to play
    require(now != pastBlockTime_tmstmp16); // only 1 transaction per block   //bug
    pastBlockTime_tmstmp16 = now;       //bug
    if(now % 15 == 0) { // winner    //bug
        msg.sender.transfer(address(this).balance);
    }
}
"
