start,line_number,size,bug_type,approach,bug_snip
452,10,394,Timestamp-Dependency,code snippet injection,"function bug_tmstmp28 () public payable {
uint pastBlockTime_tmstmp28; // Forces one bet per block
require(msg.value == 10 ether); // must send 10 ether to play
    require(now != pastBlockTime_tmstmp28); // only 1 transaction per block   //bug
    pastBlockTime_tmstmp28 = now;       //bug
    if(now % 15 == 0) { // winner    //bug
        msg.sender.transfer(address(this).balance);
    }
}
"
