start,line_number,size,bug_type,approach,bug_snip
2868,145,184,Timestamp-Dependency,code snippet injection,"address winner_tmstmp39;
function play_tmstmp39(uint startTime) public {
	uint _vtime = block.timestamp;
	if (startTime + (5 * 1 days) == _vtime){
		winner_tmstmp39 = msg.sender;
	}
}
"
1453,73,184,Timestamp-Dependency,code snippet injection,"address winner_tmstmp31;
function play_tmstmp31(uint startTime) public {
	uint _vtime = block.timestamp;
	if (startTime + (5 * 1 days) == _vtime){
		winner_tmstmp31 = msg.sender;
	}
}
"
1453,69,95,Timestamp-Dependency,code snippet injection,"function bug_tmstmp37() public view returns (bool) {
  return block.timestamp >= 1546300800;
}
"
