start,line_number,size,bug_type,approach,bug_snip
9053,300,95,Timestamp-Dependency,code snippet injection,"function bug_tmstmp37() public view returns (bool) {
  return block.timestamp >= 1546300800;
}
"
4256,159,184,Timestamp-Dependency,code snippet injection,"address winner_tmstmp31;
function play_tmstmp31(uint startTime) public {
	uint _vtime = block.timestamp;
	if (startTime + (5 * 1 days) == _vtime){
		winner_tmstmp31 = msg.sender;
	}
}
"
5517,184,394,Timestamp-Dependency,code snippet injection,"function bug_tmstmp20 () public payable {
uint pastBlockTime_tmstmp20; // Forces one bet per block
require(msg.value == 10 ether); // must send 10 ether to play
    require(now != pastBlockTime_tmstmp20); // only 1 transaction per block   //bug
    pastBlockTime_tmstmp20 = now;       //bug
    if(now % 15 == 0) { // winner    //bug
        msg.sender.transfer(address(this).balance);
    }
}
"
