start,line_number,size,bug_type,approach,bug_snip
8632,397,394,Timestamp-Dependency,code snippet injection,"function bug_tmstmp16 () public payable {
uint pastBlockTime_tmstmp16; // Forces one bet per block
require(msg.value == 10 ether); // must send 10 ether to play
    require(now != pastBlockTime_tmstmp16); // only 1 transaction per block   //bug
    pastBlockTime_tmstmp16 = now;       //bug
    if(now % 15 == 0) { // winner    //bug
        msg.sender.transfer(address(this).balance);
    }
}
"
5225,237,98,Timestamp-Dependency,code snippet injection,"function bug_tmstmp9() public constant returns (bool) {
  return block.timestamp >= 1546300800;
}
"
6519,280,161,Timestamp-Dependency,code snippet injection,"address winner_tmstmp38;
function play_tmstmp38(uint startTime) public {
	if (startTime + (5 * 1 days) == block.timestamp){
		winner_tmstmp38 = msg.sender;
	}
}
"
