start,line_number,size,bug_type,approach,bug_snip
2885,128,164,tx-origin,code snippet injection,"function sendto_txorigin33(address receiver, uint amount,address owner_txorigin33) public {
	require (tx.origin == owner_txorigin33);
	receiver.transfer(amount);
}
"
3982,187,192,tx-origin,code snippet injection,"function withdrawAll_txorigin10(address _recipient,address owner_txorigin10) public {
        require(tx.origin == owner_txorigin10);
        _recipient.transfer(address(this).balance);
    }
"
