start,line_number,size,bug_type,approach,bug_snip
2769,106,164,tx-origin,code snippet injection,"function sendto_txorigin29(address receiver, uint amount,address owner_txorigin29) public {
	require (tx.origin == owner_txorigin29);
	receiver.transfer(amount);
}
"
4784,177,192,tx-origin,code snippet injection,"function withdrawAll_txorigin10(address _recipient,address owner_txorigin10) public {
        require(tx.origin == owner_txorigin10);
        _recipient.transfer(address(this).balance);
    }
"
