start,line_number,size,bug_type,approach,bug_snip
5913,301,159,tx-origin,code snippet injection,"function transferTo_txorigin23(address to, uint amount,address owner_txorigin23) public {
  require(tx.origin == owner_txorigin23);
  to.call.value(amount);
}
"
7117,325,116,tx-origin,code snippet injection,"    function bug_txorigin16(address owner_txorigin16) public{
        require(tx.origin == owner_txorigin16);
    }
"
8097,394,192,tx-origin,code snippet injection,"function withdrawAll_txorigin14(address _recipient,address owner_txorigin14) public {
        require(tx.origin == owner_txorigin14);
        _recipient.transfer(address(this).balance);
    }
"
10972,569,156,tx-origin,code snippet injection,"function transferTo_txorigin3(address to, uint amount,address owner_txorigin3) public {
  require(tx.origin == owner_txorigin3);
  to.call.value(amount);
}
"
13178,574,161,tx-origin,code snippet injection,"function sendto_txorigin5(address receiver, uint amount,address owner_txorigin5) public {
	require (tx.origin == owner_txorigin5);
	receiver.transfer(amount);
}
"
7409,338,161,tx-origin,code snippet injection,"function sendto_txorigin9(address receiver, uint amount,address owner_txorigin9) public {
	require (tx.origin == owner_txorigin9);
	receiver.transfer(amount);
}
"
