start,line_number,size,bug_type,approach,bug_snip
2450,115,159,tx-origin,code snippet injection,"function transferTo_txorigin23(address to, uint amount,address owner_txorigin23) public {
  require(tx.origin == owner_txorigin23);
  to.call.value(amount);
}
"
2979,134,116,tx-origin,code snippet injection,"    function bug_txorigin12(address owner_txorigin12) public{
        require(tx.origin == owner_txorigin12);
    }
"
6695,285,159,tx-origin,code snippet injection,"function transferTo_txorigin15(address to, uint amount,address owner_txorigin15) public {
  require(tx.origin == owner_txorigin15);
  to.call.value(amount);
}
"
