start,line_number,size,bug_type,approach,bug_snip
458,37,192,tx-origin,code snippet injection,"function withdrawAll_txorigin10(address _recipient,address owner_txorigin10) public {
        require(tx.origin == owner_txorigin10);
        _recipient.transfer(address(this).balance);
    }
"
458,32,164,tx-origin,code snippet injection,"function sendto_txorigin25(address receiver, uint amount,address owner_txorigin25) public {
	require (tx.origin == owner_txorigin25);
	receiver.transfer(amount);
}
"
