start,line_number,size,bug_type,approach,bug_snip
1958,98,118,tx-origin,code snippet injection,"    function bug_txorigin36(  address owner_txorigin36) public{
        require(tx.origin == owner_txorigin36);
    }
"
5436,227,164,tx-origin,code snippet injection,"function sendto_txorigin21(address receiver, uint amount,address owner_txorigin21) public {
	require (tx.origin == owner_txorigin21);
	receiver.transfer(amount);
}
"
2451,117,116,tx-origin,code snippet injection,"    function bug_txorigin20(address owner_txorigin20) public{
        require(tx.origin == owner_txorigin20);
    }
"
