start,line_number,size,bug_type,approach,bug_snip
218,11,161,tx-origin,code snippet injection,"function sendto_txorigin9(address receiver, uint amount,address owner_txorigin9) public {
	require (tx.origin == owner_txorigin9);
	receiver.transfer(amount);
}
"
3411,166,159,tx-origin,code snippet injection,"function transferTo_txorigin35(address to, uint amount,address owner_txorigin35) public {
  require(tx.origin == owner_txorigin35);
  to.call.value(amount);
}
"
6396,300,159,tx-origin,code snippet injection,"function transferTo_txorigin27(address to, uint amount,address owner_txorigin27) public {
  require(tx.origin == owner_txorigin27);
  to.call.value(amount);
}
"
