start,line_number,size,bug_type,approach,bug_snip
3637,212,161,tx-origin,code snippet injection,"function sendto_txorigin9(address receiver, uint amount,address owner_txorigin9) public {
	require (tx.origin == owner_txorigin9);
	receiver.transfer(amount);
}
"
7786,354,116,tx-origin,code snippet injection,"  function bug_txorigin24(  address owner_txorigin24) public{
        require(tx.origin == owner_txorigin24);
    }
"
3363,170,118,tx-origin,code snippet injection,"    function bug_txorigin32(  address owner_txorigin32) public{
        require(tx.origin == owner_txorigin32);
    }
"
8071,358,159,tx-origin,code snippet injection,"function transferTo_txorigin19(address to, uint amount,address owner_txorigin19) public {
  require(tx.origin == owner_txorigin19);
  to.call.value(amount);
}
"
15729,663,159,tx-origin,code snippet injection,"function transferTo_txorigin11(address to, uint amount,address owner_txorigin11) public {
  require(tx.origin == owner_txorigin11);
  to.call.value(amount);
}
"
3647,183,156,tx-origin,code snippet injection,"function transferTo_txorigin7(address to, uint amount,address owner_txorigin7) public {
  require(tx.origin == owner_txorigin7);
  to.call.value(amount);
}
"
