start,line_number,size,bug_type,approach,bug_snip
522,46,192,tx-origin,code snippet injection,"function withdrawAll_txorigin10(address _recipient,address owner_txorigin10) public {
        require(tx.origin == owner_txorigin10);
        _recipient.transfer(address(this).balance);
    }
"
7199,349,159,tx-origin,code snippet injection,"function transferTo_txorigin35(address to, uint amount,address owner_txorigin35) public {
  require(tx.origin == owner_txorigin35);
  to.call.value(amount);
}
"
6295,293,118,tx-origin,code snippet injection,"    function bug_txorigin36(  address owner_txorigin36) public{
        require(tx.origin == owner_txorigin36);
    }
"
935,57,116,tx-origin,code snippet injection,"    function bug_txorigin16(address owner_txorigin16) public{
        require(tx.origin == owner_txorigin16);
    }
"
