start,line_number,size,bug_type,approach,bug_snip
4309,169,192,tx-origin,code snippet injection,"function withdrawAll_txorigin22(address _recipient,address owner_txorigin22) public {
        require(tx.origin == owner_txorigin22);
        _recipient.transfer(address(this).balance);
    }
"
4822,192,192,tx-origin,code snippet injection,"function withdrawAll_txorigin14(address _recipient,address owner_txorigin14) public {
        require(tx.origin == owner_txorigin14);
        _recipient.transfer(address(this).balance);
    }
"
