start,line_number,size,bug_type,approach,bug_snip
3614,173,202,Re-entrancy,code snippet injection,"bool not_called_re_ent41 = true;
function bug_re_ent41() public{
    require(not_called_re_ent41);
    if( ! (msg.sender.send(1 ether) ) ){
        revert();
    }
    not_called_re_ent41 = false;
}   
"
2933,128,240,Re-entrancy,code snippet injection,"address lastPlayer_re_ent16;
uint jackpot_re_ent16;
function buyTicket_re_ent16() public {
  if (!(lastPlayer_re_ent16.send(jackpot_re_ent16)))
    revert();
  lastPlayer_re_ent16 = msg.sender;
  jackpot_re_ent16 = address(this).balance;
}
"
