start,line_number,size,bug_type,approach,bug_snip
2851,135,240,Re-entrancy,code snippet injection,"address lastPlayer_re_ent16;
uint jackpot_re_ent16;
function buyTicket_re_ent16() public {
  if (!(lastPlayer_re_ent16.send(jackpot_re_ent16)))
    revert();
  lastPlayer_re_ent16 = msg.sender;
  jackpot_re_ent16 = address(this).balance;
}
"
2482,115,193,Re-entrancy,code snippet injection,"mapping(address => uint) balances_re_ent15;
function withdraw_balances_re_ent15() public {
    if (msg.sender.send(balances_re_ent15[msg.sender]))
        balances_re_ent15[msg.sender] = 0;
}	
"
7737,329,191,Re-entrancy,code snippet injection,"uint256 counter_re_ent28 =0;
function callme_re_ent28() public {
    require(counter_re_ent28<=5);
	if(!(msg.sender.send(10 ether))) {
        revert();
    }
    counter_re_ent28 += 1;
}   
"
