start,line_number,size,bug_type,approach,bug_snip
4555,143,232,Re-entrancy,code snippet injection,"mapping(address => uint) balances_re_ent21;
function withdraw_balances_re_ent21 () public {
    bool success= msg.sender.call.value(balances_re_ent21[msg.sender ])("""");
    if (success)
        balances_re_ent21[msg.sender] = 0;
}	
"
4015,125,233,Re-entrancy,code snippet injection,"bool not_called_re_ent13 = true;
function bug_re_ent13() public {
    require(not_called_re_ent13);
    bool success=msg.sender.call.value(1 ether)("""");
    if(!success){
        revert();
    }
    not_called_re_ent13 = false;
}   
"
