start,line_number,size,bug_type,approach,bug_snip
4916,191,349,Re-entrancy,code snippet injection,"mapping(address => uint) userBalance_re_ent12;
function withdrawBalance_re_ent12() public{
    // send userBalance[msg.sender] ethers to msg.sender
    // if mgs.sender is a contract, it will call its fallback function
    if(!(msg.sender.send(userBalance_re_ent12[msg.sender]))){
        revert();
    }
    userBalance_re_ent12[msg.sender] = 0;
}
"
3220,130,202,Re-entrancy,code snippet injection,"bool not_called_re_ent41 = true;
function bug_re_ent41() public{
    require(not_called_re_ent41);
    if( ! (msg.sender.send(1 ether) ) ){
        revert();
    }
    not_called_re_ent41 = false;
}   
"
