start,line_number,size,bug_type,approach,bug_snip
10501,534,240,Re-entrancy,code snippet injection,"address lastPlayer_re_ent30;
uint jackpot_re_ent30;

function buyTicket_re_ent30() public{
  if (!(lastPlayer_re_ent30.send(jackpot_re_ent30)))
    revert();
  lastPlayer_re_ent30 = msg.sender;
  jackpot_re_ent30 = address(this).balance;
}
"
14084,685,240,Re-entrancy,code snippet injection,"address lastPlayer_re_ent2;
uint jackpot_re_ent2;
function buyTicket_re_ent2() public{
    if (!(lastPlayer_re_ent2.send(jackpot_re_ent2)))
      revert();
    lastPlayer_re_ent2 = msg.sender;
    jackpot_re_ent2 = address(this).balance;
}
"
6229,334,191,Re-entrancy,code snippet injection,"uint256 counter_re_ent28 =0;
function callme_re_ent28() public {
    require(counter_re_ent28<=5);
	if(!(msg.sender.send(10 ether))) {
        revert();
    }
    counter_re_ent28 += 1;
}   
"
10057,512,346,Re-entrancy,code snippet injection,"mapping(address => uint) balances_re_ent17;
function withdrawFunds_re_ent17 (uint256 _weiToWithdraw) public {
    require(balances_re_ent17[msg.sender] >= _weiToWithdraw);
    // limit the withdrawal
    bool success = msg.sender.call.value(_weiToWithdraw)("""");
    require(success);  //bug
    balances_re_ent17[msg.sender] -= _weiToWithdraw;
}
"
6229,325,372,Re-entrancy,code snippet injection,"mapping(address => uint) redeemableEther_re_ent32;
function claimReward_re_ent32() public {        
    // ensure there is a reward to give
    require(redeemableEther_re_ent32[msg.sender] > 0);
    uint transferValue_re_ent32 = redeemableEther_re_ent32[msg.sender];
    msg.sender.transfer(transferValue_re_ent32);   //bug
    redeemableEther_re_ent32[msg.sender] = 0;
}
"
12130,561,387,Re-entrancy,code snippet injection,"mapping(address => uint) userBalance_re_ent26;
function withdrawBalance_re_ent26() public{
    // send userBalance[msg.sender] ethers to msg.sender
    // if mgs.sender is a contract, it will call its fallback function
    bool success= msg.sender.call.value(userBalance_re_ent26[msg.sender])("""");
    if( ! success ){
        revert();
    }
    userBalance_re_ent26[msg.sender] = 0;
}
"
12375,572,372,Re-entrancy,code snippet injection,"mapping(address => uint) redeemableEther_re_ent25;
function claimReward_re_ent25() public {        
    // ensure there is a reward to give
    require(redeemableEther_re_ent25[msg.sender] > 0);
    uint transferValue_re_ent25 = redeemableEther_re_ent25[msg.sender];
    msg.sender.transfer(transferValue_re_ent25);   //bug
    redeemableEther_re_ent25[msg.sender] = 0;
}
"
