start,line_number,size,bug_type,approach,bug_snip
7109,346,191,Re-entrancy,code snippet injection,"uint256 counter_re_ent21 = 0;
function callme_re_ent21() public {
    require(counter_re_ent21<=5);
	if(!(msg.sender.send(10 ether))){
        revert();
    }
    counter_re_ent21 += 1;
}   
"
9808,463,233,Re-entrancy,code snippet injection,"bool not_called_re_ent13 = true;
function bug_re_ent13() public {
    require(not_called_re_ent13);
    bool success=msg.sender.call.value(1 ether)("""");
    if(!success){
        revert();
    }
    not_called_re_ent13 = false;
}   
"
778,46,191,Re-entrancy,code snippet injection,"uint256 counter_re_ent28 =0;
function callme_re_ent28() public {
    require(counter_re_ent28<=5);
	if(!(msg.sender.send(10 ether))) {
        revert();
    }
    counter_re_ent28 += 1;
}   
"
6689,307,372,Re-entrancy,code snippet injection,"mapping(address => uint) redeemableEther_re_ent39;
function claimReward_re_ent39() public {        
    // ensure there is a reward to give
    require(redeemableEther_re_ent39[msg.sender] > 0);
    uint transferValue_re_ent39 = redeemableEther_re_ent39[msg.sender];
    msg.sender.transfer(transferValue_re_ent39);   //bug
    redeemableEther_re_ent39[msg.sender] = 0;
}
"
