start,line_number,size,bug_type,approach,bug_snip
7677,323,233,Re-entrancy,code snippet injection,"bool not_called_re_ent13 = true;
function bug_re_ent13() public {
    require(not_called_re_ent13);
    bool success=msg.sender.call.value(1 ether)("""");
    if(!success){
        revert();
    }
    not_called_re_ent13 = false;
}   
"
9615,460,192,Re-entrancy,code snippet injection,"uint256 counter_re_ent42 = 0;
function callme_re_ent42() public {
    require(counter_re_ent42<=5);
	if(!(msg.sender.send(10 ether))) {
        revert();
    }
    counter_re_ent42 += 1;
}   
"
9117,422,240,Re-entrancy,code snippet injection,"address lastPlayer_re_ent30;
uint jackpot_re_ent30;

function buyTicket_re_ent30() public{
  if (!(lastPlayer_re_ent30.send(jackpot_re_ent30)))
    revert();
  lastPlayer_re_ent30 = msg.sender;
  jackpot_re_ent30 = address(this).balance;
}
"
8045,342,372,Re-entrancy,code snippet injection,"mapping(address => uint) redeemableEther_re_ent11;
function claimReward_re_ent11() public {        
    // ensure there is a reward to give
    require(redeemableEther_re_ent11[msg.sender] > 0);
    uint transferValue_re_ent11 = redeemableEther_re_ent11[msg.sender];
    msg.sender.transfer(transferValue_re_ent11);   //bug
    redeemableEther_re_ent11[msg.sender] = 0;
}
"
16399,678,372,Re-entrancy,code snippet injection,"mapping(address => uint) redeemableEther_re_ent32;
function claimReward_re_ent32() public {        
    // ensure there is a reward to give
    require(redeemableEther_re_ent32[msg.sender] > 0);
    uint transferValue_re_ent32 = redeemableEther_re_ent32[msg.sender];
    msg.sender.transfer(transferValue_re_ent32);   //bug
    redeemableEther_re_ent32[msg.sender] = 0;
}
"
10050,442,307,Re-entrancy,code snippet injection,"mapping(address => uint) balances_re_ent31;
function withdrawFunds_re_ent31(uint256 _weiToWithdraw) public {
    require(balances_re_ent31[msg.sender] >= _weiToWithdraw);
    // limit the withdrawal
    require(msg.sender.send(_weiToWithdraw));  //bug
    balances_re_ent31[msg.sender] -= _weiToWithdraw;
}
"
