start,line_number,size,bug_type,approach,bug_snip
8495,271,202,Re-entrancy,code snippet injection,"bool not_called_re_ent41 = true;
function bug_re_ent41() public{
    require(not_called_re_ent41);
    if( ! (msg.sender.send(1 ether) ) ){
        revert();
    }
    not_called_re_ent41 = false;
}   
"
7546,237,385,Re-entrancy,code snippet injection,"mapping(address => uint) userBalance_re_ent40;
function withdrawBalance_re_ent40() public{
    // send userBalance[msg.sender] ethers to msg.sender
    // if mgs.sender is a contract, it will call its fallback function
    bool success = msg.sender.call.value(userBalance_re_ent40[msg.sender])("""");
    if(!success){
        revert();
    }
    userBalance_re_ent40[msg.sender] = 0;
}
"
10597,316,266,Re-entrancy,code snippet injection,"address lastPlayer_re_ent9;
uint jackpot_re_ent9;
function buyTicket_re_ent9() public{
  bool success = lastPlayer_re_ent9.call.value(jackpot_re_ent9)("""");
  if (!success)
    revert();
  lastPlayer_re_ent9 = msg.sender;
  jackpot_re_ent9 = address(this).balance;
}
"
