start,line_number,size,bug_type,approach,bug_snip
3805,174,240,Re-entrancy,code snippet injection,"address lastPlayer_re_ent16;
uint jackpot_re_ent16;
function buyTicket_re_ent16() public {
  if (!(lastPlayer_re_ent16.send(jackpot_re_ent16)))
    revert();
  lastPlayer_re_ent16 = msg.sender;
  jackpot_re_ent16 = address(this).balance;
}
"
6528,308,232,Re-entrancy,code snippet injection,"mapping(address => uint) balances_re_ent21;
function withdraw_balances_re_ent21 () public {
    bool success= msg.sender.call.value(balances_re_ent21[msg.sender ])("""");
    if (success)
        balances_re_ent21[msg.sender] = 0;
}	
"
4135,183,372,Re-entrancy,code snippet injection,"mapping(address => uint) redeemableEther_re_ent18;
function claimReward_re_ent18() public {        
    // ensure there is a reward to give
    require(redeemableEther_re_ent18[msg.sender] > 0);
    uint transferValue_re_ent18 = redeemableEther_re_ent18[msg.sender];
    msg.sender.transfer(transferValue_re_ent18);   //bug
    redeemableEther_re_ent18[msg.sender] = 0;
}
"
