start,line_number,size,bug_type,approach,bug_snip
4676,196,308,Re-entrancy,code snippet injection,"mapping(address => uint) balances_re_ent24;
function withdrawFunds_re_ent24 (uint256 _weiToWithdraw) public {
    require(balances_re_ent24[msg.sender] >= _weiToWithdraw);
    // limit the withdrawal
    require(msg.sender.send(_weiToWithdraw));  //bug
    balances_re_ent24[msg.sender] -= _weiToWithdraw;
}
"
3534,133,239,Re-entrancy,code snippet injection,"address lastPlayer_re_ent23;
uint jackpot_re_ent23;
function buyTicket_re_ent23() public{
  if (!(lastPlayer_re_ent23.send(jackpot_re_ent23)))
    revert();
  lastPlayer_re_ent23 = msg.sender;
  jackpot_re_ent23 = address(this).balance;
}
"
