start,line_number,size,bug_type,approach,bug_snip
7659,258,193,Re-entrancy,code snippet injection,"mapping(address => uint) balances_re_ent36;
function withdraw_balances_re_ent36() public {
    if (msg.sender.send(balances_re_ent36[msg.sender]))
        balances_re_ent36[msg.sender] = 0;
}	
"
10297,337,372,Re-entrancy,code snippet injection,"mapping(address => uint) redeemableEther_re_ent39;
function claimReward_re_ent39() public {        
    // ensure there is a reward to give
    require(redeemableEther_re_ent39[msg.sender] > 0);
    uint transferValue_re_ent39 = redeemableEther_re_ent39[msg.sender];
    msg.sender.transfer(transferValue_re_ent39);   //bug
    redeemableEther_re_ent39[msg.sender] = 0;
}
"
9774,314,240,Re-entrancy,code snippet injection,"address lastPlayer_re_ent30;
uint jackpot_re_ent30;

function buyTicket_re_ent30() public{
  if (!(lastPlayer_re_ent30.send(jackpot_re_ent30)))
    revert();
  lastPlayer_re_ent30 = msg.sender;
  jackpot_re_ent30 = address(this).balance;
}
"
