start,line_number,size,bug_type,approach,bug_snip
8509,438,346,Re-entrancy,code snippet injection,"mapping(address => uint) userBalance_re_ent5;
function withdrawBalance_re_ent5() public {
    // send userBalance[msg.sender] ethers to msg.sender
    // if mgs.sender is a contract, it will call its fallback function
    if(!(msg.sender.send(userBalance_re_ent5[msg.sender]))){
        revert();
    }
    userBalance_re_ent5[msg.sender] = 0;
}
"
5025,276,239,Re-entrancy,code snippet injection,"address lastPlayer_re_ent23;
uint jackpot_re_ent23;
function buyTicket_re_ent23() public{
  if (!(lastPlayer_re_ent23.send(jackpot_re_ent23)))
    revert();
  lastPlayer_re_ent23 = msg.sender;
  jackpot_re_ent23 = address(this).balance;
}
"
8749,429,372,Re-entrancy,code snippet injection,"mapping(address => uint) redeemableEther_re_ent18;
function claimReward_re_ent18() public {        
    // ensure there is a reward to give
    require(redeemableEther_re_ent18[msg.sender] > 0);
    uint transferValue_re_ent18 = redeemableEther_re_ent18[msg.sender];
    msg.sender.transfer(transferValue_re_ent18);   //bug
    redeemableEther_re_ent18[msg.sender] = 0;
}
"
10375,494,346,Re-entrancy,code snippet injection,"mapping(address => uint) balances_re_ent17;
function withdrawFunds_re_ent17 (uint256 _weiToWithdraw) public {
    require(balances_re_ent17[msg.sender] >= _weiToWithdraw);
    // limit the withdrawal
    bool success = msg.sender.call.value(_weiToWithdraw)("""");
    require(success);  //bug
    balances_re_ent17[msg.sender] -= _weiToWithdraw;
}
"
8248,399,202,Re-entrancy,code snippet injection,"bool not_called_re_ent41 = true;
function bug_re_ent41() public{
    require(not_called_re_ent41);
    if( ! (msg.sender.send(1 ether) ) ){
        revert();
    }
    not_called_re_ent41 = false;
}   
"
3306,152,349,Re-entrancy,code snippet injection,"mapping(address => uint) userBalance_re_ent12;
function withdrawBalance_re_ent12() public{
    // send userBalance[msg.sender] ethers to msg.sender
    // if mgs.sender is a contract, it will call its fallback function
    if(!(msg.sender.send(userBalance_re_ent12[msg.sender]))){
        revert();
    }
    userBalance_re_ent12[msg.sender] = 0;
}
"
